item_id	titulo	preco	vendas	comissao_percentual	avaliacao	url_publica	link_afiliado	imagem
23398393335	Kit de Faixas Elásticas, 5 Níveis de Resistência, Treinos em Casa, Pilates e Fisioterapia, AVIBES	R$ 20,52	224 vendas	28	4.6	https://shopee.com.br/product/1511396911/23398393335	https://s.shopee.com.br/8KoAaIAXaV	https://down-bs-br.img.susercontent.com/br-11134207-7r98o-m8khxhel4ys111.webp
20872060885	Luva Academia Musculação Hidrolight Mini Palma Neoprene Antiderrapante Protetor Palmar Crossfit Par	R$ 29,80	10mil+ vendas	24	4.9	https://shopee.com.br/product/420762707/20872060885	https://s.shopee.com.br/6L36Cgu8Vz	https://down-bs-br.img.susercontent.com/br-11134207-820m6-mnyl2xu9eupt02.webp
23998684746	Kit de Halteres Treino 20 Kg Bonafit 3 em 1 Musculação Ajustável Segurança e Durabilidade + Ebook	R$ 199,99	686 vendas	20	4.9	https://shopee.com.br/product/405481102/23998684746	https://s.shopee.com.br/9V07yXqLbz	https://down-bs-br.img.susercontent.com/br-11134207-7r98o-mbs7vymq0ztl64.webp
15903426110	Luva Academia Treino Fitness Musculação Halteres Bike Halteres Neoprene Barato e de Qualidade	R$ 39,90	1mil+ vendas	20	4.8	https://shopee.com.br/product/516154909/15903426110	https://s.shopee.com.br/5LAZ0wib07	https://down-bs-br.img.susercontent.com/6b365adcebb3b4f0db6bcc42562ed3d5.webp
19297642308	Par de Caneleira Peso 1kg Azul Treinar Perna Casa Academia Tornozeleira Funcional Cross Profissional	R$ 19,90	527 vendas	36	4.9	https://shopee.com.br/product/1019091931/19297642308	https://s.shopee.com.br/20u72pm57C	https://down-bs-br.img.susercontent.com/br-11134207-7r98o-lsssagpwissbb2.webp
19497458911	Kit 3 Caneleira Peso Para Perna 1kg ao 3kg CrossFitness Funcional Tornozeleira Academia Profissional	R$ 135,70	444 vendas	27	4.9	https://shopee.com.br/product/1019091931/19497458911	https://s.shopee.com.br/AUsfATWuxE	https://down-bs-br.img.susercontent.com/br-11134207-7r98o-lsbbhv1blg5p34.webp
18098128894	Par Caneleira Tornozeleira de Peso 0,5 1, 2, 3, 4, 5, 8KG Profissional WON Academia Funcional Fitness Treino em Casa	R$ 43,99	1mil+ vendas	22	4.9	https://shopee.com.br/product/1459376727/18098128894	https://s.shopee.com.br/6ffwbRXdI1	https://down-bs-br.img.susercontent.com/br-11134207-81z1k-mesukg3uy1355f.webp
24547555590	Kit Par Caneleiras Peso 0,5kg + 1kg + 2kg Tornozeleira de Peso Treino em Casa Funcional Academia	R$ 129,99	347 vendas	22	4.9	https://shopee.com.br/product/1459376727/24547555590	https://s.shopee.com.br/9zwOZapKzR	https://down-bs-br.img.susercontent.com/br-11134207-81z1k-mg2djnhyu9z42c.webp
21999201189	Roda De Exercícios Abdominal Treino Lombar Funcional Fitness Saúde Bem Estar Academia Casa Emagrecimento Envio Rápido	R$ 28,00	10mil+ vendas	18	4.9	https://shopee.com.br/product/308259043/21999201189	https://s.shopee.com.br/4qEIQ6vg6N	https://down-bs-br.img.susercontent.com/br-11134207-820m3-mojriqph5vk6a8.webp
22294283918	Roda Abdominal Dupla para Treino em Casa Ganhe Força, Resistência e Abdômen Definido Academia Fitness Exercício Fisico	R$ 34,90	414 vendas	21	4.9	https://shopee.com.br/product/896239788/22294283918	https://s.shopee.com.br/2BDXFEUaTR	https://down-bs-br.img.susercontent.com/br-11134207-81ztc-mk84sweiggzke7.webp
23798428272	Colchonete Academia Profissional 100x60x4cm D80 Treino Academia Yoga Colchonete Grande	R$ 54,78	3mil+ vendas	19	4.5	https://shopee.com.br/product/1099151842/23798428272	https://s.shopee.com.br/2VqNdrLDO5	https://down-bs-br.img.susercontent.com/br-11134207-7r98o-mboa6j1t0muf87.webp
22898452541	Colchonete 1,90 X 60 X 5 - Yoga Escolas Alojamento creche Academias Colchonete D28 Abdominal	R$ 93,90	977 vendas	16	4.8	https://shopee.com.br/product/1299666322/22898452541	https://s.shopee.com.br/903rNpQrax	https://down-bs-br.img.susercontent.com/br-11134207-7r98o-m99cnnpp2xvme3.webp
20206310857	Kit 5 Elástico Treino Mini Band + Faixa Elástica Thera Band + Elástico Exercício Extensor Fisioterapia Funcional Academia em Casa	R$ 37,97	9mil+ vendas	20	4.8	https://shopee.com.br/product/343946896/20206310857	https://s.shopee.com.br/7prtzhLxpY	https://down-bs-br.img.susercontent.com/sg-11134201-22090-vt7vk4b5syhv00.webp
23495773978	Yoga Pilates Treino Academia Musculação Faixa Elástica Multifuncional Crossfit Faixa Elástica	R$ 10,99	906 vendas	23	4.9	https://shopee.com.br/product/1003085235/23495773978	https://s.shopee.com.br/1LeQFmF6Ru	https://down-bs-br.img.susercontent.com/sg-11134201-823rs-mojdc7kc4hz63c.webp
22498993213	Kit Yoga Completo 2 Blocos + 2 Faixas + 5 Minibands Estabilidade Alongamento Treino e Força	R$ 19,99	260 vendas	24	4.9	https://shopee.com.br/product/420762707/22498993213	https://s.shopee.com.br/qi9erzHLJ	https://down-bs-br.img.susercontent.com/br-11134207-820mh-mqxik3hi9amcb2.webp
10965792016	Calça Legging Preta Fitness Treino Feminina Forro Duplo Grace AQN SPORT	R$ 54,88	40mil+ vendas	38	4.8	https://shopee.com.br/product/456570336/10965792016	https://s.shopee.com.br/1BL03VVZAd	https://down-bs-br.img.susercontent.com/br-11134207-820lc-mprx9ra00xz60a.webp
58250191124	Legging Feminina Premium Cintura Alta com Bolso Zero Transparência Academia Trabalho Conforto	R$ 39,90	387 vendas	38	4.7	https://shopee.com.br/product/1095126370/58250191124	https://s.shopee.com.br/Llt3z8tmc	https://down-bs-br.img.susercontent.com/br-11134207-820l4-mmnxl49fd347ac.webp
21697269682	Calça Legging para Academia Feminina com Cintura Alta e Recortes Laterais Coloridos Fitness Oferta	R$ 49,90	222 vendas	34	4.8	https://shopee.com.br/product/654040744/21697269682	https://s.shopee.com.br/6pzMnwraRE	https://down-bs-br.img.susercontent.com/br-11134207-81z1k-mgw85cguqjnofd.webp
22597766150	conjunto fitness de academia short empina bumbum zero transparência toque marcio	R$ 67,15	993 vendas	36	4.8	https://shopee.com.br/product/1037720741/22597766150	https://s.shopee.com.br/2qTE2bkPbQ	https://down-bs-br.img.susercontent.com/br-11134207-7r98o-lz7ma5p4rmsld5.webp
23497440005	Bermuda Short Masculino 2 em 1 Forro Duplo Fitness para Atividades físicas academia BodyGrip	R$ 79,00	284 vendas	36	4.8	https://shopee.com.br/product/1226996627/23497440005	https://s.shopee.com.br/5VTzDWfDdJ	https://down-bs-br.img.susercontent.com/br-11134207-7r98o-mcljhd68z86qd4.webp
21597981758	Garrafa de Água Galão com Alça Squeeze Treino Academia Trabalho Escola 1.8L/1L ENVIO EM 24HORAS	R$ 16,99	4mil+ vendas	24	4.8	https://shopee.com.br/product/1409190218/21597981758	https://s.shopee.com.br/1VxqSCOyj6	https://down-bs-br.img.susercontent.com/br-11134207-820mg-mntbd8zk8su8d6.webp
23793604496	Garrafa de Água 1.8L Squeeze p/ Academia Cross Fit Escritório BPA Free com Garantia ENVIO EM 24HRS	R$ 25,59	817 vendas	24	4.8	https://shopee.com.br/product/1409190218/23793604496	https://s.shopee.com.br/80BKC9iMqH	https://down-bs-br.img.susercontent.com/br-11134207-81z1k-me0s7e09xc017c.webp
22295607729	Coqueteleira Academia 600ml Transparente com Mola - Integralmédica - Shakeira	R$ 49,90	598 vendas	21	4.9	https://shopee.com.br/product/624435128/22295607729	https://s.shopee.com.br/30meEzMio3	https://down-bs-br.img.susercontent.com/br-11134207-7qukw-lgant1b9mgjqb1.webp
22597992319	Coqueteleira Shakeira Universal Amarela 600ml Academia Treino Musculação Shake Design Exclusiva	R$ 22,70	375 vendas	19	4.9	https://shopee.com.br/product/1053431316/22597992319	https://s.shopee.com.br/gOjSiDbM2	https://down-bs-br.img.susercontent.com/sg-11134201-7repp-m1r3qi4yivd4b7.webp
22797094830	2 Par Tala Straps 100% Algodão. P/musculação e Academia	R$ 21,00	10mil+ vendas	23	4.9	https://shopee.com.br/product/1068642439/22797094830	https://s.shopee.com.br/9zwOZsmbUe	https://down-bs-br.img.susercontent.com/br-11134207-7r98o-lnk2d6bpsyxbe6.webp
23892622213	Kit 5x Pares Tala Strap 100% Algodão P/ Musculação Academia	R$ 49,50	749 vendas	26	4.9	https://shopee.com.br/product/1068642439/23892622213	https://s.shopee.com.br/W5JGR3fQF	https://down-bs-br.img.susercontent.com/br-11134207-820mb-mqme3vrfc2rkfa.webp
19899383758	Mochila Futebol Bag Hurley Sacola Chuteira Esportiva Academia Passeio Bolsa Reforçada	R$ 99,90	332 vendas	28	4.9	https://shopee.com.br/product/712742634/19899383758	https://s.shopee.com.br/9ANHaO5Szu	https://down-bs-br.img.susercontent.com/br-11134207-7r98o-m00i1xgi8m5h35.webp
9818945796	Pochete Esportiva Fitness Ajustável Saída Para Fone Academia Caminhada	R$ 14,99	536 vendas	23	4.9	https://shopee.com.br/product/386577692/9818945796	https://s.shopee.com.br/7prtzxFddo	https://down-bs-br.img.susercontent.com/cb391b8fcc68988bac4eaea0f1f051a4.webp
19097748178	Mala Mini Transversal Lateral Treino Fitness Academia Esportiva Necessaire Viagem Passeio Reforçada	R$ 78,90	423 vendas	21	4.9	https://shopee.com.br/product/1217749667/19097748178	https://s.shopee.com.br/4qEIQS9C7l	https://down-bs-br.img.susercontent.com/sg-11134201-7rd4f-lwn6mt2ae89p39.webp
9513910149	Garrafa De Água 1.8L Galão Squeeze Com Alça Academia Funcional Crossfit Esportes Livre De BPA	R$ 11,99	1mil+ vendas	23	4.8	https://shopee.com.br/product/331537974/9513910149	https://s.shopee.com.br/9V07z4pwWM	https://down-bs-br.img.susercontent.com/br-11134207-820me-ml7x1enbsfet99.webp
7788797905	Mochila Reforçada Cavalera Mao Costa Transversal Multiuso Viagem Esportes Original	R$ 159,90	1mil+ vendas	23	4.8	https://shopee.com.br/product/441234830/7788797905	https://s.shopee.com.br/7VF3bPX1oy	https://down-bs-br.img.susercontent.com/sg-11134201-22110-mgojc4y74rjv05.webp
58204851990	Conjunto Fitness Calça Legging Feminina Flare Bailarina e Blusinha SlimFit Justa Baby Tee Academia	R$ 46,99	135 vendas	43	4.6	https://shopee.com.br/product/1636494323/58204851990	https://s.shopee.com.br/3LPUdlmUCN	https://down-bs-br.img.susercontent.com/br-11134207-820lb-mn7jj5zhnnk0ee.webp
42325188027	Kit Par Caneleiras Peso 1kg + 2kg Tornozeleira de Peso Treino em Casa Funcional Academia Pilates	R$ 99,99	416 vendas	22	4.9	https://shopee.com.br/product/1459376727/42325188027	https://s.shopee.com.br/1gHGeiS1qy	https://down-bs-br.img.susercontent.com/br-11134207-81z1k-mg2a3drp4tmv4a.webp
