platform	id	title	productUrl	affiliateLink	image	rating	reviewCount	sold	commissionRate	priceText	purchaseSignal
amazon	B09S3ZJXSB	Kit Elástico Para Treino Exercícios Malhar Musculação Academia em Casa Premium Rubber Fit	https://www.amazon.com.br/dp/B09S3ZJXSB	https://www.amazon.com.br/dp/B09S3ZJXSB?tag=910556142-20	https://m.media-amazon.com/images/I/61HDGfJVfpL._AC_UL320_.jpg	4.6	498		8	R$ 113,05	Mais de 200 compras no mês passado
amazon	B0FNVLLQKT	Kit Haltere 6 em 1 Ajustável para Musculação - 15kg Preto - Multifuncional com Barra e Kettlebell	https://www.amazon.com.br/dp/B0FNVLLQKT	https://www.amazon.com.br/dp/B0FNVLLQKT?tag=910556142-20	https://m.media-amazon.com/images/I/61ISeRgb21L._AC_UL320_.jpg	4.6	310		8	R$ 225,89	Mais de 900 compras no mês passado
amazon	B09NRZ2SKS	Kit de musculação Laizen 40kg Anilhas + 2 Barras 40 + Barra 150 + Barra W	https://www.amazon.com.br/dp/B09NRZ2SKS	https://www.amazon.com.br/dp/B09NRZ2SKS?tag=910556142-20	https://m.media-amazon.com/images/I/61PicVFg11L._AC_UL320_.jpg	4.7	116		8	R$ 660,39	
amazon	B07W6NHZXW	SONGMICS Halteres de ferro fundido, placas de peso, ajustáveis para homens e mulheres, treino, treinamento físico, levantamento de peso, academia em casa	https://www.amazon.com.br/dp/B07W6NHZXW	https://www.amazon.com.br/dp/B07W6NHZXW?tag=910556142-20	https://m.media-amazon.com/images/I/81MK48rLgFL._AC_UL320_.jpg	4.6	970		8	R$ 575,69	
amazon	B0DQ1V649T	Kit Halteres Ajustáveis 6 em 1 com Barra Central 30kg – Para Treino em Casa ou Academia – Anilhas Revestidas, Peso Modular e Pegada Antiderrapante	https://www.amazon.com.br/dp/B0DQ1V649T	https://www.amazon.com.br/dp/B0DQ1V649T?tag=910556142-20	https://m.media-amazon.com/images/I/61JtMMI-8dL._AC_UL320_.jpg	4.5	79		8	R$ 399,90	Mais de 50 compras no mês passado
amazon	B0F5STGZ1R	Kit Halteres 15kg MK Fit Ajustáveis Anilhas E Barras Musculação Treino Completo Em Casa Ou Academia	https://www.amazon.com.br/dp/B0F5STGZ1R	https://www.amazon.com.br/dp/B0F5STGZ1R?tag=910556142-20	https://m.media-amazon.com/images/I/513S5r+TE4L._AC_UL320_.jpg	4.6	93		8	R$ 217,45	Mais de 100 compras no mês passado
amazon	B0C6N2K22N	Munhequeira crossfit elástica profissional musculação academia	https://www.amazon.com.br/dp/B0C6N2K22N	https://www.amazon.com.br/dp/B0C6N2K22N?tag=910556142-20	https://m.media-amazon.com/images/I/61tseiftrHL._AC_UL320_.jpg	4.5	65		8	R$ 39,90	
amazon	B0FFHKZ7XT	HALTER 4KG EMBORRACHADO BOLA PRETO RMG8 FIT	https://www.amazon.com.br/dp/B0FFHKZ7XT	https://www.amazon.com.br/dp/B0FFHKZ7XT?tag=910556142-20	https://m.media-amazon.com/images/I/417IEllnRiL._AC_UL320_.jpg	4.6	59		8	R$ 49,90	Mais de 50 compras no mês passado
amazon	B0BX471W88	Corda de Puxar Para Tríceps Crossit 70cm Com Duas Cabeças Antiaderente Fácil de Usar	https://www.amazon.com.br/dp/B0BX471W88	https://www.amazon.com.br/dp/B0BX471W88?tag=910556142-20	https://m.media-amazon.com/images/I/51bHOTMVytL._AC_UL320_.jpg	4.8	103		8	R$ 39,90	Mais de 100 compras no mês passado
amazon	B0DDRLZSQG	Caneleira 8kg Peso Musculação Kit Funcional Completo O Par - Tornozeleira Academia, Caneleira Academia, Caneleira Musculação, Treino Pernas	https://www.amazon.com.br/dp/B0DDRLZSQG	https://www.amazon.com.br/dp/B0DDRLZSQG?tag=910556142-20	https://m.media-amazon.com/images/I/61Nf-4JyesL._AC_UL320_.jpg	4.7	53		8	R$ 78,90	Mais de 50 compras no mês passado
amazon	B0B9NTBJVB	Kit Halteres Musculação Kettlebell 6 em 1 Peso 20kg Academia Odin Fit	https://www.amazon.com.br/dp/B0B9NTBJVB	https://www.amazon.com.br/dp/B0B9NTBJVB?tag=910556142-20	https://m.media-amazon.com/images/I/61zLyEL2J5L._AC_UL320_.jpg	4.6	60		8	R$ 419,90	
amazon	B0F9B2M6SN	Colchonete de Exercícios Colchonete de Espuma Alta Densidade 3cm | 90x50cm | Impermeável, Dobrável e Resistente | Treino Funcional, Pilates, Yoga, Fitness em Casa ou Academia Tapete Fitness Compacto e Portátil ASIN	https://www.amazon.com.br/dp/B0F9B2M6SN	https://www.amazon.com.br/dp/B0F9B2M6SN?tag=910556142-20	https://m.media-amazon.com/images/I/518MYGKmVPL._AC_UL320_.jpg	4.6	435		8	R$ 30,40	Mais de 300 compras no mês passado
amazon	B0BGMDZKQ4	Camisa Dry Basic LS Muvin – Manga Longa – Masculina – Proteção Solar UV50 – Camiseta Para Academia – Treino Funcional – Pilates – Yoga – Corrida – Ginástica – Fitness – Caminhada – Secagem Rápida	https://www.amazon.com.br/dp/B0BGMDZKQ4	https://www.amazon.com.br/dp/B0BGMDZKQ4?tag=910556142-20	https://m.media-amazon.com/images/I/41Bu46hgLAL._AC_UL320_.jpg	4.5	493		8	R$ 59,90	
amazon	B0DCTBB1KN	Faixa Elástica Thera Band 1,5 Metro Treino Em Casa Exercício Físico Fisioterapia Academia Yoga Pilates Faixa De Resistência Elástico Extensor Alongamento Emagrecimento Fortalecimento (Cores sortidas)	https://www.amazon.com.br/dp/B0DCTBB1KN	https://www.amazon.com.br/dp/B0DCTBB1KN?tag=910556142-20	https://m.media-amazon.com/images/I/51lg3i6Z87L._AC_UL320_.jpg	4.5	603		8	R$ 13,90	Mais de 500 compras no mês passado
amazon	B0BGMD2JGP	Camisa Dry Basic LS Muvin – Manga Longa – Feminina – Proteção Solar UV50 – Camiseta Para Academia – Treino Funcional – Pilates – Yoga – Corrida – Ginástica – Fitness – Caminhada – Secagem Rápida	https://www.amazon.com.br/dp/B0BGMD2JGP	https://www.amazon.com.br/dp/B0BGMD2JGP?tag=910556142-20	https://m.media-amazon.com/images/I/41CMEBNGVbL._AC_UL320_.jpg	4.5	56		8	R$ 39,92	
amazon	B0FLZM9X3R	Anel de Pilates Yoga Tonificador (Circulo Magico) – Arco Flexível com Pegadores em EVA para Fortalecimento Muscular, Alongamento e Resistência – 38cm	https://www.amazon.com.br/dp/B0FLZM9X3R	https://www.amazon.com.br/dp/B0FLZM9X3R?tag=910556142-20	https://m.media-amazon.com/images/I/710jHnGem1L._AC_UL320_.jpg	4.6	55		8	R$ 41,90	Mais de 100 compras no mês passado
amazon	B08M6FG1W7	Anel Arco Pilates Yoga Tonificador Flexível Fitness Treino (Roxo)	https://www.amazon.com.br/dp/B08M6FG1W7	https://www.amazon.com.br/dp/B08M6FG1W7?tag=910556142-20	https://m.media-amazon.com/images/I/71zuvn4kjgS._AC_UL320_.jpg	4.8	353		8	R$ 42,00	Mais de 50 compras no mês passado
amazon	B07N46VJY4	Vollo Corda de Pular de PVC	https://www.amazon.com.br/dp/B07N46VJY4	https://www.amazon.com.br/dp/B07N46VJY4?tag=910556142-20	https://m.media-amazon.com/images/I/61e4dMDdxZL._AC_UL320_.jpg	4.6	15262		8	R$ 11,90	Mais de 600 compras no mês passado
amazon	B09DF9NWC7	Corda de pular sem emaranhados, cabo de corda de salto rápido com rolamentos de esferas para mulheres, homens e crianças, corda de salto de aço ajustável com alças de espuma para fitness, exercícios em casa e corpo fino	https://www.amazon.com.br/dp/B09DF9NWC7	https://www.amazon.com.br/dp/B09DF9NWC7?tag=910556142-20	https://m.media-amazon.com/images/I/71wm42EtoNL._AC_UL320_.jpg	4.6	23572		8	R$ 10,00	Mais de 1 mil compras no mês passado
amazon	B07FYHFDG9	Corda de Pular Muvin Basics Tamanho Ajustável em PVC - Corda de Saltos Com Velocidade Para Treino Funcional - Exercícios - Cross Training - Academia - Tamanho Máximo 3,15 Metros	https://www.amazon.com.br/dp/B07FYHFDG9	https://www.amazon.com.br/dp/B07FYHFDG9?tag=910556142-20	https://m.media-amazon.com/images/I/51nozq2dcnL._AC_UL320_.jpg	4.5	9658		8	R$ 20,51	Mais de 100 compras no mês passado
amazon	B08TRTR5J8	Roda Exercícios Abdominal Funcional Rolo Fitness Treino	https://www.amazon.com.br/dp/B08TRTR5J8	https://www.amazon.com.br/dp/B08TRTR5J8?tag=910556142-20	https://m.media-amazon.com/images/I/61uRxunagtL._AC_UL320_.jpg	4.6	1342		8	R$ 21,90	Mais de 400 compras no mês passado
amazon	B0FP6KRNVQ	Luva de Academia Grip Antiderrapante com Protetor Palmar – Unissex, Musculação - Ideal para Treino, Academia e Exercícios	https://www.amazon.com.br/dp/B0FP6KRNVQ	https://www.amazon.com.br/dp/B0FP6KRNVQ?tag=910556142-20	https://m.media-amazon.com/images/I/61Z47kuAwsL._AC_UL320_.jpg	4.5	226		8	R$ 15,88	Mais de 100 compras no mês passado
amazon	B0D4G4DCML	Par Tornozeleira Caneleira 1kg De Peso Para Academia Treino Funcional Fitness e Musculação	https://www.amazon.com.br/dp/B0D4G4DCML	https://www.amazon.com.br/dp/B0D4G4DCML?tag=910556142-20	https://m.media-amazon.com/images/I/41mHKt6tCoL._AC_UL320_.jpg	4.8	61		8	R$ 24,90	Mais de 50 compras no mês passado
amazon	B07HJ7G4BW	Colchonete de Academia em Espuma Alta Densidade Muvin Professional D80 - Tamanho 95cm x 55cm x 3cm - Impermeável - Costura Reforçada - Fitness Exercícios Funcional - Treino em Casa - Mais Conforto	https://www.amazon.com.br/dp/B07HJ7G4BW	https://www.amazon.com.br/dp/B07HJ7G4BW?tag=910556142-20	https://m.media-amazon.com/images/I/51hUdefGnsL._AC_UL320_.jpg	4.8	2466		8	R$ 97,90	Mais de 600 compras no mês passado
amazon	B08VPS711D	COQUETELEIRA DUX - FUME	https://www.amazon.com.br/dp/B08VPS711D	https://www.amazon.com.br/dp/B08VPS711D?tag=910556142-20	https://m.media-amazon.com/images/I/51ao+TrcxJL._AC_UL320_.jpg	4.6	9629		8	R$ 21,10	Mais de 1 mil compras no mês passado
amazon	B07TL6PNLH	Garrafa coqueteleira clássica V2 para shakes de proteína e pré-treino, 590 ml, transparente/preto	https://www.amazon.com.br/dp/B07TL6PNLH	https://www.amazon.com.br/dp/B07TL6PNLH?tag=910556142-20	https://m.media-amazon.com/images/I/71iiyCEpDmL._AC_UL320_.jpg	4.8	80182		8	R$ 75,66	
amazon	B07TK5R633	Garrafa coqueteleira BlenderBottle Pro Series, 709ml, preto/transparente	https://www.amazon.com.br/dp/B07TK5R633	https://www.amazon.com.br/dp/B07TK5R633?tag=910556142-20	https://m.media-amazon.com/images/I/61vfBexEt1L._AC_UL320_.jpg	4.8	36035		8	R$ 108,94	
amazon	B06XCRYLQ5	Garrafa coqueteleira BlenderBottle Pro Series, para shakes de proteína e pré-treino, 946 ml, preto	https://www.amazon.com.br/dp/B06XCRYLQ5	https://www.amazon.com.br/dp/B06XCRYLQ5?tag=910556142-20	https://m.media-amazon.com/images/I/71TDsT40pvL._AC_UL320_.jpg	4.8	36035		8	R$ 126,60	
amazon	B01LX4GS6I	Garrafa coqueteleira clássica com laço na parte superior, azul marinho/azul marinho	https://www.amazon.com.br/dp/B01LX4GS6I	https://www.amazon.com.br/dp/B01LX4GS6I?tag=910556142-20	https://m.media-amazon.com/images/I/41FliwHD8ML._AC_UL320_.jpg	4.8	42824		8	R$ 77,56	
amazon	B06XDGY7WK	Garrafa coqueteleira BlenderBottle Classic para shakes de proteína e pré-treino, 800 ml, pacote com 2, verde musgo e azul marinho	https://www.amazon.com.br/dp/B06XDGY7WK	https://www.amazon.com.br/dp/B06XDGY7WK?tag=910556142-20	https://m.media-amazon.com/images/I/81MmqB0FZYL._AC_UL320_.jpg	4.8	26293		8	R$ 111,30	
amazon	B01LZQ8OYE	Garrafa coqueteleira BlenderBottle Classic, 830 ml, preto	https://www.amazon.com.br/dp/B01LZQ8OYE	https://www.amazon.com.br/dp/B01LZQ8OYE?tag=910556142-20	https://m.media-amazon.com/images/I/71y2Pr4Ka1L._AC_UL320_.jpg	4.7	51833		8	R$ 95,66	
amazon	B06X973NGD	COQUETELEIRA GARRAFINHA SQUEEZE SHAKEIRA, Prottector - 700 mL - PRETA, único	https://www.amazon.com.br/dp/B06X973NGD	https://www.amazon.com.br/dp/B06X973NGD?tag=910556142-20	https://m.media-amazon.com/images/I/51P1K7-tmaL._AC_UL320_.jpg	4.6	121		8	R$ 50,00	
amazon	B0CSTG458K	Cinturão Musculação New Strong Pentágono, Tamanho Único Ajustável (64 até 105 CM) Proteção Lombar, Conforto e Segurança para Treinos Intensos, Fecho Ultra Resistente	https://www.amazon.com.br/dp/B0CSTG458K	https://www.amazon.com.br/dp/B0CSTG458K?tag=910556142-20	https://m.media-amazon.com/images/I/71IQlsALuCL._AC_UL320_.jpg	4.7	120		8	R$ 89,90	
mercado-livre		Faixa Cotoveleira Domeasy Elástica Compressão Cotovelo Proteção Tendinit Academia Esportes Cross Tamanho Unico Ajustavel	https://www.mercadolivre.com.br/faixa-cotoveleira-domeasy-elastica-compresso-cotovelo-proteco-tendinit-academia-esportes-cross-tamanho-unico-ajustavel/p/MLB45884280?pdp_filters=item_id%3AMLB3967169533&extra_comm=true&brand_comm=false	https://meli.la/1mXuvjF		4.7		500	36		
mercado-livre		Bermuda Masculina Tactel Short Academia Treino Plus Size G3	https://produto.mercadolivre.com.br/MLB-4930586574-bermuda-masculina-tactel-short-academia-treino-plus-size-g3-_JM?searchVariation=183840073765&pdp_filters=item_id%3AMLB4930586574&extra_comm=true&brand_comm=false	https://meli.la/24PpgfM		4.7		100mil	32		
mercado-livre		Kit3 Short Futebol Bermuda Masculina Academia Treino Esporte	https://produto.mercadolivre.com.br/MLB-3978883539-kit3-short-futebol-bermuda-masculina-academia-treino-esporte-_JM?searchVariation=182928103660&pdp_filters=item_id%3AMLB3978883539&extra_comm=true&brand_comm=false	https://meli.la/2EDv8bJ		4.7		50mil	32		
mercado-livre		Tênis Kappa Pulse Unissex Academia Caminhada	https://produto.mercadolivre.com.br/MLB-5325422870-tnis-kappa-pulse-unissex-academia-caminhada-_JM?searchVariation=187286254459&pdp_filters=item_id%3AMLB5325422870&extra_comm=true&brand_comm=false	https://meli.la/2bKYNCB		4.7		10mil	32		
mercado-livre		Kit 3 Bermuda Masculina Tactel Com Elastano Academia Treino Preto-marinho-cinza Gg	https://www.mercadolivre.com.br/kit-3-bermuda-masculina-tactel-com-elastano-academia-treino/up/MLBU3427878716?pdp_filters=item_id%3AMLB6894500558&extra_comm=true&brand_comm=false	https://meli.la/1jboAFg		4.7		10mil	32		
mercado-livre		Tênis Feminino Olimp Vili Ace Academia Caminhada Treino Eva Preto Golden 36 Br	https://www.mercadolivre.com.br/tenis-feminino-olimp-vili-ace-academia-caminhada-treino-eva/up/MLBU3529618844?pdp_filters=item_id%3AMLB4280538327&extra_comm=true&brand_comm=false	https://meli.la/2S7cTeE		4.7		10mil	31		
mercado-livre		Kit 20 Itens: Elasticos Extensores + 5 Mini bands + 1 Crosstube + 1 Thera Band + 1 Corda de Pular + 1 Guia de Exercícios Cardio Fisioterapia - Pilates- Academia- Treino em Casa Reativo Sport e Fitness	https://www.mercadolivre.com.br/kit-20-itens-elasticos-extensores-5-mini-bands-1-crosstube-1-thera-band-1-corda-de-pular-1-guia-de-exercicios-cardio-fisioterapia-pilates-academia-treino-em-casa-reativo-sport-e-fitness/p/MLB66916529?pdp_filters=item_id%3AMLB6500343494&extra_comm=true&brand_comm=false	https://meli.la/1BrijAy		4.6		1000	31		
mercado-livre		Bicicleta Ergométrica Spinning Cardio E Musculação Preto E Vermelho Nao Se Aplica	https://www.mercadolivre.com.br/bicicleta-ergometrica-spinning-cardio-e-musculacao/up/MLBU4185602492?pdp_filters=item_id%3AMLB4825431031&extra_comm=true&brand_comm=false	https://meli.la/1E72Hu7		4.6		1000	28		
mercado-livre		Luva Academia Musculaçao Treino Max Grip Protetor Anti Calo Preto Geométrico Antiderrapante Mais Pegada E Menos Suor Progressão De Peso Federal's Store	https://www.mercadolivre.com.br/luva-academia-musculacao-treino-max-grip-protetor-anti-calo/up/MLBU3286889126?pdp_filters=item_id%3AMLB5487162052&extra_comm=true&brand_comm=false	https://meli.la/25h7Hj7		4.8		10mil	26		
mercado-livre		1000ml Garrafa Térmica Isolada A Vácuo Squeeze Aço Inox 304 para Água Gelada Esporte Academia com Alça e Bico Preto Sólar	https://www.mercadolivre.com.br/1000ml-garrafa-termica-isolada-a-vacuo-squeeze-aco-inox-304-para-agua-gelada-esporte-academia-com-alca-e-bico-preto-solar/p/MLB37798840?pdp_filters=item_id%3AMLB4371082371&extra_comm=true&brand_comm=false	https://meli.la/2XcmbZB		4.5		10mil	26		
mercado-livre		Camiseta Masculina Furadinha Dryfit Poliamida - Occ	https://produto.mercadolivre.com.br/MLB-5545996376-camiseta-masculina-furadinha-dryfit-poliamida-occ-_JM?searchVariation=184575310810&pdp_filters=item_id%3AMLB5545996376&extra_comm=true&brand_comm=false	https://meli.la/1xJkyoN		4.8		10mil	24		
mercado-livre		Bermuda Masculina Slim Fit De Poliamida Esportiva Fitness	https://produto.mercadolivre.com.br/MLB-6040765000-bermuda-masculina-slim-fit-de-poliamida-esportiva-fitness-_JM?searchVariation=194074934453&pdp_filters=item_id%3AMLB6040765000&extra_comm=true&brand_comm=false	https://meli.la/1UWSsLP		4.7		10mil	24		
mercado-livre		Copo Térmico Inox 1200ml Preto Com Tampa Antivazamento Canudo E Alça Parede Dupla Em Aço Inoxidável Para Água Café Chá Bebidas Geladas Academia Escritório Viagens E Camping	https://www.mercadolivre.com.br/copo-termico-inox-1200ml-preto-com-tampa-antivazamento-canudo-e-alca-parede-dupla-em-aco-inoxidavel-para-agua-cafe-cha-bebidas-geladas-academia-escritorio-viagens-e-camping/p/MLB37246848?pdp_filters=item_id%3AMLB5663511526&extra_comm=true&brand_comm=false	https://meli.la/2q7Qog6		4.6		10mil	24		
mercado-livre		Calça Legging Lupo Max Sport Feminina Academia Fitness Dry	https://produto.mercadolivre.com.br/MLB-6410014504-calca-legging-lupo-max-sport-feminina-academia-fitness-dry-_JM?searchVariation=197793024143&pdp_filters=item_id%3AMLB6410014504&extra_comm=true&brand_comm=false	https://meli.la/1m1hFiw		4.9		500	24		
mercado-livre		Coqueteleira Shaker - Academia 700ml Dark Lab	https://www.mercadolivre.com.br/coqueteleira-shaker-academia-700ml-dark-lab/p/MLB37809946?pdp_filters=item_id%3AMLB4997939720&extra_comm=true&brand_comm=false	https://meli.la/1jaHXjK		4.9		100mil	21		
mercado-livre		Camisas Térmica Feminina Voker Proteção Uv Dry Fit Academia	https://produto.mercadolivre.com.br/MLB-2785323303-camisas-termica-feminina-voker-proteco-uv-dry-fit-academia-_JM?searchVariation=191814455459&pdp_filters=item_id%3AMLB2785323303&extra_comm=true&brand_comm=false	https://meli.la/1zaKf1D		4.7		50mil	21		
mercado-livre		Par Barra Oca 40cm Halteres Com Presilhas Sem Anilha Preto	https://www.mercadolivre.com.br/par-barra-oca-40cm-halteres-com-presilhas-sem-anilha/up/MLBU1424107735?pdp_filters=item_id%3AMLB2133113863&extra_comm=true&brand_comm=false	https://meli.la/1YTByPT		4.8		10mil	21		
mercado-livre		Calça Legging Academia Realça Curvas Selene Original Confort Preto Liso Liso G	https://www.mercadolivre.com.br/calca-legging-academia-realca-curvas-selene-original-confort/up/MLBU3821666197?pdp_filters=item_id%3AMLB6416224502&extra_comm=true&brand_comm=false	https://meli.la/2Zg3hXV		4.9		1000	21		
mercado-livre		Caneleira Peso 3 Kg Par Won Treine Em Casa Academia Crossfit Fisioterapia Fitness Treino Funcional	https://www.mercadolivre.com.br/caneleira-peso-3-kg-par-won-treine-em-casa-academia-crossfit-fisioterapia-fitness-treino-funcional/p/MLB61702952?pdp_filters=item_id%3AMLB6027176786&extra_comm=true&brand_comm=false	https://meli.la/2wpxU86		4.9		1000	21		
mercado-livre		Tênis Fitness Academia Feminino Esportivo Caminhada Corrida	https://produto.mercadolivre.com.br/MLB-5964576452-tnis-fitness-academia-feminino-esportivo-caminhada-corrida-_JM?searchVariation=187403406384&pdp_filters=item_id%3AMLB5964576452&extra_comm=true&brand_comm=false	https://meli.la/1YkXvWZ		4.8		1000	21		
mercado-livre		Coqueteleira Shake Academia C/ Compartimentos P/ Suplementos	https://produto.mercadolivre.com.br/MLB-2873976071-coqueteleira-shake-academia-c-compartimentos-p-suplementos-_JM?pdp_filters=item_id%3AMLB2873976071&extra_comm=true&brand_comm=false	https://meli.la/1fNBoa7		4.8		50mil	20		
mercado-livre		Jump Cama Elastica Academia Profissional Aro Reforço 180kg Preto	https://www.mercadolivre.com.br/jump-cama-elastica-academia-profissional-aro-reforco-180kg/up/MLBU3274563666?pdp_filters=item_id%3AMLB5473949492&extra_comm=true&brand_comm=false	https://meli.la/1GcK9Kg		4.9		10mil	20		
mercado-livre		Kit 5 Bermuda Masculina Short Calção Futebol Academia Praia	https://produto.mercadolivre.com.br/MLB-5221332016-kit-5-bermuda-masculina-short-calco-futebol-academia-praia-_JM?searchVariation=186435609969&pdp_filters=item_id%3AMLB5221332016&extra_comm=true&brand_comm=false	https://meli.la/2E1sbS4		4.6		1000	20		
mercado-livre		Strap Musculação - Tala Strep Treino Academia - Resistente Cor Preto	https://www.mercadolivre.com.br/strap-musculaco-tala-strep-treino-academia-resistente-cor-preto/p/MLB25368242?pdp_filters=deal%3AMLB1578289-1&extra_comm=false&brand_comm=false	https://meli.la/2NNA9Yr		4.9		10mil	16		
mercado-livre		Par Caneleira Tornozeleira de Peso 2 kg WON Preto Fitness Academia Musculação Treine em Casa	https://www.mercadolivre.com.br/par-caneleira-tornozeleira-de-peso-2-kg-won-preto-fitness-academia-musculaco-treine-em-casa/p/MLB53965432?pdp_filters=deal%3AMLB1578289-1&extra_comm=false&brand_comm=false	https://meli.la/1Rd2fbN		4.9		10mil	16		
mercado-livre		Kit 8 Placa Tatame Tapete Eva Borracha 10mm Piso Academia Preto	https://www.mercadolivre.com.br/kit-8-placa-tatame-tapete-eva-borracha-10mm-piso-academia/up/MLBU1151471210?pdp_filters=deal%3AMLB1578289-1&extra_comm=false&brand_comm=false	https://meli.la/2eS9Dd4		4.8		10mil	16		
mercado-livre		Luva Academia Musculação Treino Crossfit Unissex Ajustável Protetor Palmar Antiderrapante Neoprene Grip Fitness Proteção Contra Calos Palma Preta Tamanho Único Para Treino Topsand Activewear	https://www.mercadolivre.com.br/luva-academia-musculaco-treino-crossfit-unissex-ajustavel-protetor-palmar-antiderrapante-neoprene-grip-fitness-proteco-contra-calos-palma-preta-tamanho-unico-para-treino-topsand-activewear/p/MLB63956054?pdp_filters=deal%3AMLB1578289-1&extra_comm=false&brand_comm=false	https://meli.la/1MirpAy		4.8		10mil	16		
mercado-livre		Bolsa Térmica Lancheira Marmita 12L Média Cerveja Comida Bebidas Academia Trabalho Escola Passeio Alça Removível Conserva Quente E Frio Cor Preta Tche Amo	https://www.mercadolivre.com.br/bolsa-termica-lancheira-marmita-12l-media-cerveja-comida-bebidas-academia-trabalho-escola-passeio-alca-removivel-conserva-quente-e-frio-cor-preta-tche-amo/p/MLB58093205?pdp_filters=deal%3AMLB1578289-1&extra_comm=false&brand_comm=false	https://meli.la/1E9kUYW		4.8		10mil	16		
mercado-livre		Kit 3 Bermudas Masculinas Academia Treino Praia Verão Fit	https://produto.mercadolivre.com.br/MLB-3892624359-kit-3-bermudas-masculinas-academia-treino-praia-vero-fit-_JM?searchVariation=185793135437&extra_comm=false&brand_comm=false	https://meli.la/1XVsfqa		4.7		10mil	16		
mercado-livre		Puxador Triceps Corda Crossover Profissional Academia Preto	https://www.mercadolivre.com.br/puxador-triceps-corda-crossover-profissional-academia/up/MLBU3343000464?pdp_filters=deal%3AMLB1578289-1&extra_comm=false&brand_comm=false	https://meli.la/2EfanaC		4.9		5mil	16		
mercado-livre		Conjunto Academia Top Calça Legging Fitness Roupa Kit Bolso Azul/areia Liso G 40/42	https://www.mercadolivre.com.br/conjunto-academia-top-calca-legging-fitness-roupa-kit-bolso/up/MLBU3895054742?pdp_filters=deal%3AMLB1578289-1&extra_comm=false&brand_comm=false	https://meli.la/1L23njM		4.9		1000	16		
mercado-livre		Legging Lupo Original Poliamida Texturizada Ar Sem Costura Purple Legging Academia Fitness M	https://www.mercadolivre.com.br/legging-lupo-original-poliamida-texturizada-ar-sem-costura/up/MLBU4076226725?pdp_filters=deal%3AMLB1578289-1&extra_comm=false&brand_comm=false	https://meli.la/1h7cfCj		4.8		500	16		
mercado-livre		Conjunto Academia Fitness Top Short Kit Zero Transparência Marrom Black Lisa Gg 42/44	https://www.mercadolivre.com.br/conjunto-academia-fitness-top-short-kit-zero-transparencia/up/MLBU3872469997?pdp_filters=deal%3AMLB1578289-1&extra_comm=false&brand_comm=false	https://meli.la/1UTcmkg		4.8		100	16		
mercado-livre		Conjunto Plus Size Kit Top E Bermuda Bolso Academia Fitness Preto Lisa G4 52/54	https://www.mercadolivre.com.br/conjunto-plus-size-kit-top-e-bermuda-bolso-academia-fitness/up/MLBU3794751888?pdp_filters=deal%3AMLB1578289-1&extra_comm=false&brand_comm=false	https://meli.la/1ddmT3L		4.8		100	16		
