platform	external_id	title	price	rating	review_count	sold	commission_rate	source_url	affiliate_link	image_url	purchase_signal	selected_order
amazon	B07JQ9G1BD	Bosch Furadeira de Impacto GSB 550 RE 550W 127V com 3 Brocas	R$ 349,90	5	78		8	https://www.amazon.com.br/dp/B07JQ9G1BD	https://www.amazon.com.br/dp/B07JQ9G1BD?tag=910556142-20	https://m.media-amazon.com/images/I/51Osw4leHFL._AC_UL320_.jpg		1
amazon	B0CFYM9L5W	DEWALT Dcs334B 20V Serra De Vaivém Sem Fio Sem Escova (Somente Ferramenta)	R$ 1.427,17	5	54		8	https://www.amazon.com.br/dp/B0CFYM9L5W	https://www.amazon.com.br/dp/B0CFYM9L5W?tag=910556142-20	https://m.media-amazon.com/images/I/61w9llKezpL._AC_UL320_.jpg		2
amazon	B00R0Z7TFM	Bosch Trena Laser GLM 40 alcance 40m com bolsa protetora	R$ 284,04	4.9	11800		8	https://www.amazon.com.br/dp/B00R0Z7TFM	https://www.amazon.com.br/dp/B00R0Z7TFM?tag=910556142-20	https://m.media-amazon.com/images/I/819viI-zgOL._AC_UL320_.jpg	Mais de 700 compras no mês passado	3
amazon	B076KRB8LP	Bosch Martelete Perfurador GBH 2-24 D 820W 220V com maleta	R$ 809,99	4.9	1500		8	https://www.amazon.com.br/dp/B076KRB8LP	https://www.amazon.com.br/dp/B076KRB8LP?tag=910556142-20	https://m.media-amazon.com/images/I/61vrVTDDdzL._AC_UL320_.jpg	Mais de 600 compras no mês passado	4
amazon	B0C4Z6GF7J	Bosch Furadeira de Impacto GSB 13 RE-M - 750W 220V, em maleta	R$ 355,00	4.9	1300		8	https://www.amazon.com.br/dp/B0C4Z6GF7J	https://www.amazon.com.br/dp/B0C4Z6GF7J?tag=910556142-20	https://m.media-amazon.com/images/I/61FeVJ1UrUL._AC_UL320_.jpg	Mais de 700 compras no mês passado	5
amazon	B0C51C4ZTZ	Bosch Furadeira de Impacto GSB 13 RE-M - 750W 127V, em maleta	R$ 398,90	4.9	1200		8	https://www.amazon.com.br/dp/B0C51C4ZTZ	https://www.amazon.com.br/dp/B0C51C4ZTZ?tag=910556142-20	https://m.media-amazon.com/images/I/61zfwVifj8L._AC_UL320_.jpg	Mais de 400 compras no mês passado	6
amazon	B0CK37YPSS	Klein Tools 55569 Bolsa de ferramentas com zíper de pé com mosquetões, fundo reforçado reforçado, resistente à água 1680d, vários tamanhos, pacote com 5	R$ 243,47	4.9	936		8	https://www.amazon.com.br/dp/B0CK37YPSS	https://www.amazon.com.br/dp/B0CK37YPSS?tag=910556142-20	https://m.media-amazon.com/images/I/51zUBarnWML._AC_UL320_.jpg	Mais de 50 compras no mês passado	7
amazon	B0BBWG45C4	Bosch Furadeira de Impacto GSB 16 RE 850W 127V, em maleta	R$ 566,25	4.9	569		8	https://www.amazon.com.br/dp/B0BBWG45C4	https://www.amazon.com.br/dp/B0BBWG45C4?tag=910556142-20	https://m.media-amazon.com/images/I/518jZPvNM9L._AC_UL320_.jpg	Mais de 100 compras no mês passado	8
amazon	B09TPLNBQ2	Klein Tools Kit De Ferramentas Multifuncional Para Cabo De Dados 80072	R$ 821,80	4.9	414		8	https://www.amazon.com.br/dp/B09TPLNBQ2	https://www.amazon.com.br/dp/B09TPLNBQ2?tag=910556142-20	https://m.media-amazon.com/images/I/61GvT59kWkL._AC_UL320_.jpg		9
amazon	B0877YWTK5	Bosch Kit Parafusadeira GSR 120-LI e Chave de Impacto GDR 120-LI, 12V com 2 baterias, 1 carregador e 1 maleta	R$ 872,99	4.9	257		8	https://www.amazon.com.br/dp/B0877YWTK5	https://www.amazon.com.br/dp/B0877YWTK5?tag=910556142-20	https://m.media-amazon.com/images/I/614u3RWZvJL._AC_UL320_.jpg	Mais de 50 compras no mês passado	10
amazon	B0B9YT2RQR	CRAFTSMAN V20 RP Serra tico-tico-tico sem fio, 3 configurações orbitais, até 3.200 SPM, velocidade variável sem chave, apenas ferramenta nua (CMCS650B)	R$ 1.200,35	4.9	155		8	https://www.amazon.com.br/dp/B0B9YT2RQR	https://www.amazon.com.br/dp/B0B9YT2RQR?tag=910556142-20	https://m.media-amazon.com/images/I/71oYNqCRTlL._AC_UL320_.jpg		11
amazon	B0CCQ95FXS	Bosch Serra tico tico GST 750 220V + 1 lâmina	R$ 417,00	4.9	119		8	https://www.amazon.com.br/dp/B0CCQ95FXS	https://www.amazon.com.br/dp/B0CCQ95FXS?tag=910556142-20	https://m.media-amazon.com/images/I/61KheHP0q2L._AC_UL320_.jpg	Mais de 50 compras no mês passado	12
amazon	B0DF84JKVF	DEWALT Esmerilhadeira Angular Sem Fio 20V Max* Xr De 4-1/2-5 Pol. (Somente Ferramenta) (Dcg410B)	R$ 1.777,63	4.9	119		8	https://www.amazon.com.br/dp/B0DF84JKVF	https://www.amazon.com.br/dp/B0DF84JKVF?tag=910556142-20	https://m.media-amazon.com/images/I/51o1yxbmgaL._AC_UL320_.jpg		13
amazon	B076L251TV	MAKITA SERRA MARMORE 125MM (5 POL) 1450W 110V 4100NH2Z	R$ 438,99	4.9	90		8	https://www.amazon.com.br/dp/B076L251TV	https://www.amazon.com.br/dp/B076L251TV?tag=910556142-20	https://m.media-amazon.com/images/I/51KUr4yol+L._AC_UL320_.jpg		14
amazon	B0BMKTCPDY	Milwaukee Ferramenta Elétrica M18 Fuel 4-1/2" / 5" Variável	R$ 1.855,39	4.9	79		8	https://www.amazon.com.br/dp/B0BMKTCPDY	https://www.amazon.com.br/dp/B0BMKTCPDY?tag=910556142-20	https://m.media-amazon.com/images/I/41e-5une8SL._AC_UL320_.jpg		15
amazon	B00ET5VMTU	DEWALT Kit de furadeira/parafusadeira sem fio 20V Max, compacto, 13 mm (DCD771C2), amarelo	R$ 1.029,13	4.8	47700		8	https://www.amazon.com.br/dp/B00ET5VMTU	https://www.amazon.com.br/dp/B00ET5VMTU?tag=910556142-20	https://m.media-amazon.com/images/I/81dmm7FomNL._AC_UL320_.jpg		16
amazon	B09V1SM8QB	WAP Parafusadeira e Furadeira à Bateria 12V BPF-12K3, Kit de 13 Acessórios e Maleta, Empunhadura Emborrachada, Bivolt	R$ 125,00	4.8	22600		8	https://www.amazon.com.br/dp/B09V1SM8QB	https://www.amazon.com.br/dp/B09V1SM8QB?tag=910556142-20	https://m.media-amazon.com/images/I/81hJD-odFeL._AC_UL320_.jpg	Mais de 4 mil compras no mês passado	17
amazon	B000OQ21CA	IRWIN Alicate Descascador para Fios Auto Ajustável 8 Polegadas 2078300	R$ 149,89	4.8	17300		8	https://www.amazon.com.br/dp/B000OQ21CA	https://www.amazon.com.br/dp/B000OQ21CA?tag=910556142-20	https://m.media-amazon.com/images/I/51IQi-ki-KL._AC_UL320_.jpg	Mais de 100 compras no mês passado	18
amazon	B00I8MYMT2	Wera - Conjunto Bits e Soquetes Tool Check Plus - Milimétrica	R$ 934,26	4.8	15300		8	https://www.amazon.com.br/dp/B00I8MYMT2	https://www.amazon.com.br/dp/B00I8MYMT2?tag=910556142-20	https://m.media-amazon.com/images/I/81L77xBd++L._AC_UL320_.jpg	Mais de 100 compras no mês passado	19
amazon	B07VBB55X5	Dewalt Multi Ferramenta Oscilante, Ideal para Cortes em Parafusos e Madeira, Sem Bateria e Sem Carregador, Modelo DCS356B, 20V MAX XR Li-Íon	R$ 1.201,03	4.8	13900		8	https://www.amazon.com.br/dp/B07VBB55X5	https://www.amazon.com.br/dp/B07VBB55X5?tag=910556142-20	https://m.media-amazon.com/images/I/61DExRdcCRL._AC_UL320_.jpg		20
amazon	B00CBY2EIO	Dewalt Caixa Organizadora para Ferramentas com Fecho Metálico e Caixa Profunda, Modelo DWST17806	R$ 320,57	4.8	12300		8	https://www.amazon.com.br/dp/B00CBY2EIO	https://www.amazon.com.br/dp/B00CBY2EIO?tag=910556142-20	https://m.media-amazon.com/images/I/7165V6S8hIL._AC_UL320_.jpg		21
amazon	B085B253MD	DEWALT Kit de ferramentas oscilantes 20V MAX XR, 3 velocidades, com lâminas, bateria e carregador incluídos (DCS356C1)	R$ 1.387,56	4.8	11900		8	https://www.amazon.com.br/dp/B085B253MD	https://www.amazon.com.br/dp/B085B253MD?tag=910556142-20	https://m.media-amazon.com/images/I/81Q8G3zu0yL._AC_UL320_.jpg		22
amazon	B07B2XB9D4	Vonder, Parafusadeira e Furadeira 12 V	R$ 183,00	4.8	11900		8	https://www.amazon.com.br/dp/B07B2XB9D4	https://www.amazon.com.br/dp/B07B2XB9D4?tag=910556142-20	https://m.media-amazon.com/images/I/81H2b8d6RYL._AC_UL320_.jpg	Mais de 200 compras no mês passado	23
amazon	B00QEBOE0Q	Multiferramenta Cortadora 18V SEM Bateria DTM51RZ Makita	R$ 1.279,00	4.8	9900		8	https://www.amazon.com.br/dp/B00QEBOE0Q	https://www.amazon.com.br/dp/B00QEBOE0Q?tag=910556142-20	https://m.media-amazon.com/images/I/71-oUgHGBrL._AC_UL320_.jpg		24
amazon	B08XQWLDKP	Bosch Furadeira Parafusadeira GSR 1000 Smart, Com Acessórios, 12 Volts	R$ 366,00	4.8	9500		8	https://www.amazon.com.br/dp/B08XQWLDKP	https://www.amazon.com.br/dp/B08XQWLDKP?tag=910556142-20	https://m.media-amazon.com/images/I/61nXSgxFHeL._AC_UL320_.jpg	Mais de 2 mil compras no mês passado	25
amazon	B07457BXJW	DEWALT Esmerilhadeira de 4 1/2 Pol. - 5 Pol. (114mm -127mm) Ion-Litio 20V MAX* 9000 RPM Brushless sem Bateria e sem Carregador DCG413B	R$ 1.499,90	4.8	9100		8	https://www.amazon.com.br/dp/B07457BXJW	https://www.amazon.com.br/dp/B07457BXJW?tag=910556142-20	https://m.media-amazon.com/images/I/714jxrOoXKL._AC_UL320_.jpg		26
amazon	B00080DPNQ	Cortador e descascador de fios Klein Tools 11055, azul/amarelo	R$ 130,46	4.8	8000		8	https://www.amazon.com.br/dp/B00080DPNQ	https://www.amazon.com.br/dp/B00080DPNQ?tag=910556142-20	https://m.media-amazon.com/images/I/51OQwLMv6PL._AC_UL320_.jpg		27
amazon	B082BTT92H	Dewalt DCS369B ATOMIC 20V MAX sem fio com uma mão serra recicladora (ferramenta somente)	R$ 1.448,96	4.8	7900		8	https://www.amazon.com.br/dp/B082BTT92H	https://www.amazon.com.br/dp/B082BTT92H?tag=910556142-20	https://m.media-amazon.com/images/I/618BvKV5jzL._AC_UL320_.jpg		28
amazon	B007NVSSFS	DEWALT Serra de Jig Max 20V, somente ferramenta (DCS331B)	R$ 1.363,89	4.8	7700		8	https://www.amazon.com.br/dp/B007NVSSFS	https://www.amazon.com.br/dp/B007NVSSFS?tag=910556142-20	https://m.media-amazon.com/images/I/610ZZ7ZkgQL._AC_UL320_.jpg		29
amazon	B00I8N282O	Ferramentas Knipex, 86 03 125, 5 polegadas | ferramentas manuais de bicicleta	R$ 389,63	4.8	7700		8	https://www.amazon.com.br/dp/B00I8N282O	https://www.amazon.com.br/dp/B00I8N282O?tag=910556142-20	https://m.media-amazon.com/images/I/61i2Hv-8h1L._AC_UL320_.jpg		30
amazon	B00U0P0GHM	Dewalt Kit De Ferramentas Mecânicas De Dewalt E Conjunto De Soquete, 108 Peças (Dwmt73801)	R$ 961,72	4.8	7200		8	https://www.amazon.com.br/dp/B00U0P0GHM	https://www.amazon.com.br/dp/B00U0P0GHM?tag=910556142-20	https://m.media-amazon.com/images/I/71mPvINiSKL._AC_UL320_.jpg		31
amazon	B00BHGJHMI	Dremel 710-08 Kit de acessórios rotativos para todos os fins, 160 peças, 710-08, Kit de acessórios, 1 | Kit de 160 peças com trava Ez, mandril EZ402, rodas de corte, faixas de lixamento e discos, rodas de polimento, (160 peças)	R$ 267,94	4.8	7000		8	https://www.amazon.com.br/dp/B00BHGJHMI	https://www.amazon.com.br/dp/B00BHGJHMI?tag=910556142-20	https://m.media-amazon.com/images/I/61o9gSkHW8L._AC_UL320_.jpg		32
amazon	B076HR7VD4	Bosch Parafusadeira e furadeira GSR 7-14 E 400W 127V com cabo de 4m	R$ 355,95	4.8	6600		8	https://www.amazon.com.br/dp/B076HR7VD4	https://www.amazon.com.br/dp/B076HR7VD4?tag=910556142-20	https://m.media-amazon.com/images/I/516GaizdfYL._AC_UL320_.jpg	Mais de 100 compras no mês passado	33
amazon	B0DBVZQKGT	Bolsa para Ferramentas com 8 Bolsos – Compacta, Resistente e Ideal para Uso Profissional e Doméstico	R$ 65,00	4.8	6000		8	https://www.amazon.com.br/dp/B0DBVZQKGT	https://www.amazon.com.br/dp/B0DBVZQKGT?tag=910556142-20	https://m.media-amazon.com/images/I/71qICJnP+DL._AC_UL320_.jpg		34
amazon	B00TI7HZY0	DEWALT Conjunto de chaves de fenda com chaves de porca, 71 peças (DWMT73808)	R$ 268,90	4.8	5800		8	https://www.amazon.com.br/dp/B00TI7HZY0	https://www.amazon.com.br/dp/B00TI7HZY0?tag=910556142-20	https://m.media-amazon.com/images/I/61xVi1rC5VL._AC_UL320_.jpg		35
amazon	B00SOU6LR4	DEWALT Kit multiferramentas oscilantes 20V MAX XR, velocidade variável (DCS356D1)	R$ 1.121,60	4.8	5300		8	https://www.amazon.com.br/dp/B00SOU6LR4	https://www.amazon.com.br/dp/B00SOU6LR4?tag=910556142-20	https://m.media-amazon.com/images/I/716To-rxGLL._AC_UL320_.jpg		36
amazon	B076VYKZH8	Furadeira De Impacto 1/2 C/ Maleta Bosch G12 127v	R$ 471,90	4.8	5300		8	https://www.amazon.com.br/dp/B076VYKZH8	https://www.amazon.com.br/dp/B076VYKZH8?tag=910556142-20	https://m.media-amazon.com/images/I/51xfIhO9MoL._AC_UL320_.jpg		37
amazon	B00G9CL83Q	Kit de chaves de fenda DEWALT Impact Ready FlextorQ DWA2T35IR, 35 peças	R$ 253,86	4.8	4600		8	https://www.amazon.com.br/dp/B00G9CL83Q	https://www.amazon.com.br/dp/B00G9CL83Q?tag=910556142-20	https://m.media-amazon.com/images/I/81bLlAQqLOL._AC_UL320_.jpg		38
amazon	B00I3POGXQ	Milwaukee Chave de Impacto Hexagonal de Íon de Lítio 2656-20 M18 18 V 1/4 polegada com 1.500 polegadas libras de Torque e matriz de Iluminação LED (Bateria Não Incluída, Apenas Ferramenta Elétrico)	R$ 514,38	4.8	4500		8	https://www.amazon.com.br/dp/B00I3POGXQ	https://www.amazon.com.br/dp/B00I3POGXQ?tag=910556142-20	https://m.media-amazon.com/images/I/61eOK7GtrxL._AC_UL320_.jpg		39
amazon	B085DVBDHZ	Makita E-01666 Impact XPS 35 peças	R$ 183,19	4.8	4400		8	https://www.amazon.com.br/dp/B085DVBDHZ	https://www.amazon.com.br/dp/B085DVBDHZ?tag=910556142-20	https://m.media-amazon.com/images/I/71vc1tdyrqL._AC_UL320_.jpg		40
amazon	B00ODN0S70	DEWALT Serra Sabre Compacta 20V MAX* Ion-Litio Sem Bateria e Sem Carregador DCS387B	R$ 1.289,38	4.8	4300		8	https://www.amazon.com.br/dp/B00ODN0S70	https://www.amazon.com.br/dp/B00ODN0S70?tag=910556142-20	https://m.media-amazon.com/images/I/51UabQjfSmL._AC_UL320_.jpg		41
amazon	B08VN7CSTJ	MILWAUKEE'S Milwaukee 2962-20 M18 18V Combustível 1/2" Chave De Impacto De Torque Com Anel De Atrito	R$ 2.166,60	4.8	3600		8	https://www.amazon.com.br/dp/B08VN7CSTJ	https://www.amazon.com.br/dp/B08VN7CSTJ?tag=910556142-20	https://m.media-amazon.com/images/I/51gZLVF0xRL._AC_UL320_.jpg		42
amazon	B000BK7AOS	Wera Conjunto de ferramentas compacto "Kraftform 50.8 cm com bolsa, SL/PH/PZ, 7 peças, prata	R$ 327,37	4.8	3100		8	https://www.amazon.com.br/dp/B000BK7AOS	https://www.amazon.com.br/dp/B000BK7AOS?tag=910556142-20	https://m.media-amazon.com/images/I/610ia7kC2-L._AC_UL320_.jpg		43
amazon	B07H7DQ3DK	M18 Ferramenta de serra de combustível com cabo em D	R$ 1.660,00	4.8	2800		8	https://www.amazon.com.br/dp/B07H7DQ3DK	https://www.amazon.com.br/dp/B07H7DQ3DK?tag=910556142-20	https://m.media-amazon.com/images/I/71a1vTV1+8L._AC_UL320_.jpg		44
amazon	B09TB998J3	Vonder, Parafusadeira/Furadeira A Bateria, 12 V, Fonte de Carregamento	R$ 130,00	4.8	2700		8	https://www.amazon.com.br/dp/B09TB998J3	https://www.amazon.com.br/dp/B09TB998J3?tag=910556142-20	https://m.media-amazon.com/images/I/71Q29FYJMSL._AC_UL320_.jpg	Mais de 200 compras no mês passado	45
amazon	B07MZB4NYJ	Neiko 02447A Conjunto de Soquetes de Impacto Master Drive de 1,27 cm, Sortimento de Soquetes Rasos de 32 Peças | Tamanhos Padrão SAE (3/8 a 1-1/4 polegadas) e Métrico (10-32 mm) | Aço Cr-V	R$ 570,77	4.8	2600		8	https://www.amazon.com.br/dp/B07MZB4NYJ	https://www.amazon.com.br/dp/B07MZB4NYJ?tag=910556142-20	https://m.media-amazon.com/images/I/716atyZgYtL._AC_UL320_.jpg		46
amazon	B076KLZ3RM	Bosch Parafusadeira Furadeira a bateria GSR 1000 Smart 12V com 10 bits e maleta	R$ 399,99	4.8	2500		8	https://www.amazon.com.br/dp/B076KLZ3RM	https://www.amazon.com.br/dp/B076KLZ3RM?tag=910556142-20	https://m.media-amazon.com/images/I/61DmMa4Pa+L._AC_UL320_.jpg		47
amazon	B076S9YBMH	DEWALT Retificadeira 1 ½ Pol. 38mm 20V Max li-ion Sem Bateria e Sem Carregador DCG426B	R$ 1.189,00	4.8	2500		8	https://www.amazon.com.br/dp/B076S9YBMH	https://www.amazon.com.br/dp/B076S9YBMH?tag=910556142-20	https://m.media-amazon.com/images/I/519Qi24LJoL._AC_UL320_.jpg		48
amazon	B0001P0CC0	Knipex 70 06 180 cortador diagonal cromado 18 cm/testado em VDE	R$ 389,06	4.8	2400		8	https://www.amazon.com.br/dp/B0001P0CC0	https://www.amazon.com.br/dp/B0001P0CC0?tag=910556142-20	https://m.media-amazon.com/images/I/61H3Ijqv7GL._AC_UL320_.jpg		49
amazon	B088W1VY9Q	Bosch Parafusadeira Furadeira Impacto GSB 18V-50 18V Brushless com 2 baterias, 1 carregador e maleta	R$ 935,00	4.8	2300		8	https://www.amazon.com.br/dp/B088W1VY9Q	https://www.amazon.com.br/dp/B088W1VY9Q?tag=910556142-20	https://m.media-amazon.com/images/I/618HUQaRUcL._AC_UL320_.jpg	Mais de 100 compras no mês passado	50
amazon	B08VVX6PWJ	Kit de Ferramentas para Fiação, 2 Peças	R$ 365,29	4.8	2300		8	https://www.amazon.com.br/dp/B08VVX6PWJ	https://www.amazon.com.br/dp/B08VVX6PWJ?tag=910556142-20	https://m.media-amazon.com/images/I/513zWCU7oqL._AC_UL320_.jpg		51
amazon	B09RX4R3TR	Milwaukee 2880-20 M18 FUEL Rebarbadora de íon de lítio sem escova, 12,7 cm, sem fio, com interruptor de pá sem trava (apenas ferramenta)	R$ 1.468,75	4.8	2300		8	https://www.amazon.com.br/dp/B09RX4R3TR	https://www.amazon.com.br/dp/B09RX4R3TR?tag=910556142-20	https://m.media-amazon.com/images/I/51VbFwi7iOL._AC_UL320_.jpg		52
amazon	B08H1ZNBJ2	SKIL Chave de fenda de pistola recarregável 4V sem fio com conjunto de 42 peças, carregador USB e estojo de transporte - SD5618-03	R$ 330,17	4.8	2300		8	https://www.amazon.com.br/dp/B08H1ZNBJ2	https://www.amazon.com.br/dp/B08H1ZNBJ2?tag=910556142-20	https://m.media-amazon.com/images/I/61VqF7I3JOL._AC_UL320_.jpg		53
amazon	B07JK4Z4WP	Bosch Furadeira de Impacto GSB 450 RE 450W 220V	R$ 255,21	4.8	2200		8	https://www.amazon.com.br/dp/B07JK4Z4WP	https://www.amazon.com.br/dp/B07JK4Z4WP?tag=910556142-20	https://m.media-amazon.com/images/I/51oo60qZZYL._AC_UL320_.jpg	Mais de 400 compras no mês passado	54
amazon	B0C3TGRLLM	DEWALT 20V MAX Furadeira e Parafusadeira Sem Fio, 1,27 cm, 2 Velocidades, Bateria XR 2.0 Ah e Carregador Incluídos (DCD777D1)	R$ 1.024,73	4.8	2200		8	https://www.amazon.com.br/dp/B0C3TGRLLM	https://www.amazon.com.br/dp/B0C3TGRLLM?tag=910556142-20	https://m.media-amazon.com/images/I/715+r4lU6mL._AC_UL320_.jpg		55
amazon	B00TI5ETMI	Kit de soquetes resistentes de 1/4" DeWalt DWMT73811, 20 peças	R$ 221,88	4.8	2200		8	https://www.amazon.com.br/dp/B00TI5ETMI	https://www.amazon.com.br/dp/B00TI5ETMI?tag=910556142-20	https://m.media-amazon.com/images/I/61r0mZ0WjiL._AC_UL320_.jpg		56
amazon	B000MKG08E	Klein Tools Ferramenta de toque 626, 6 em 1, cabo acolchoado	R$ 310,39	4.8	2100		8	https://www.amazon.com.br/dp/B000MKG08E	https://www.amazon.com.br/dp/B000MKG08E?tag=910556142-20	https://m.media-amazon.com/images/I/41-3-z7KM3L._AC_UL320_.jpg		57
amazon	B0BBJPCMQM	Sparta Maleta de ferramentas kit com 165 peças	R$ 99,75	4.8	2100		8	https://www.amazon.com.br/dp/B0BBJPCMQM	https://www.amazon.com.br/dp/B0BBJPCMQM?tag=910556142-20	https://m.media-amazon.com/images/I/61eTsWLcHpL._AC_UL320_.jpg	Mais de 2 mil compras no mês passado	58
amazon	B00TI6QAZG	DEWALT Conjunto de soquete de acionamento, SAE/Metric, unidade de 3/8 polegadas, 17 peças (DWMT73806)	R$ 171,62	4.8	1900		8	https://www.amazon.com.br/dp/B00TI6QAZG	https://www.amazon.com.br/dp/B00TI6QAZG?tag=910556142-20	https://m.media-amazon.com/images/I/61rurx0Lh3L._AC_UL320_.jpg		59
amazon	B07DQB7QKD	BLACK+DECKER Furadeira e Parafusadeira 3/8" LD12S e 13 Acessórios 12V	R$ 269,90	4.8	1800		8	https://www.amazon.com.br/dp/B07DQB7QKD	https://www.amazon.com.br/dp/B07DQB7QKD?tag=910556142-20	https://m.media-amazon.com/images/I/612O6gMZzLL._AC_UL320_.jpg		60
amazon	B07TVG85N3	DEWALT XTREME 12V MAX* Kit de perfuração/driver sem fio, 3/8 polegadas (DCD701F2)	R$ 1.379,98	4.8	1800		8	https://www.amazon.com.br/dp/B07TVG85N3	https://www.amazon.com.br/dp/B07TVG85N3?tag=910556142-20	https://m.media-amazon.com/images/I/51-u7f57UZL._AC_UL320_.jpg		61
amazon	B07JQ9G9RS	Bosch Tupia GKF 550 550w 127V com 2 pinças	R$ 454,07	4.8	1700		8	https://www.amazon.com.br/dp/B07JQ9G9RS	https://www.amazon.com.br/dp/B07JQ9G9RS?tag=910556142-20	https://m.media-amazon.com/images/I/61z1mm42Q0L._AC_UL320_.jpg	Mais de 50 compras no mês passado	62
amazon	B0BS77VG1X	Bosch Furadeira Parafusadeira Impacto 18V GSB185LI-1B Sem Fio, 1 bateria e maleta	R$ 771,00	4.8	1600		8	https://www.amazon.com.br/dp/B0BS77VG1X	https://www.amazon.com.br/dp/B0BS77VG1X?tag=910556142-20	https://m.media-amazon.com/images/I/613yPz58YxL._AC_UL320_.jpg	Mais de 500 compras no mês passado	63
amazon	B0BPD1C7S2	Chave de impacto Milwaukee sextavada sem fio 3453-20 12V 1/4” (ferramenta descoberta)	R$ 820,35	4.8	1600		8	https://www.amazon.com.br/dp/B0BPD1C7S2	https://www.amazon.com.br/dp/B0BPD1C7S2?tag=910556142-20	https://m.media-amazon.com/images/I/71giJm1yymL._AC_UL320_.jpg	Mais de 50 compras no mês passado	64
amazon	B0BV17VLYG	DEWALT Chave De Impacto 20 V Máx., 1/4", Bateria E Carregador Incluídos (Dcf787D1)	R$ 1.018,30	4.8	1600		8	https://www.amazon.com.br/dp/B0BV17VLYG	https://www.amazon.com.br/dp/B0BV17VLYG?tag=910556142-20	https://m.media-amazon.com/images/I/711K5I8vD+L._AC_UL320_.jpg		65
amazon	B088V99QGG	Klein Tools Conjunto de ferramentas de chave de fenda isolada 94130 1000 V com pontas Phillips número 2 e ponta fina de 0,6 cm, 2 alicates e descascador de fios	R$ 724,46	4.8	1600		8	https://www.amazon.com.br/dp/B088V99QGG	https://www.amazon.com.br/dp/B088V99QGG?tag=910556142-20	https://m.media-amazon.com/images/I/61Rkp9VZqjL._AC_UL320_.jpg		66
amazon	B0925826M2	Klein Tools Testador de cabos VDV526-200, testador de cabos Ethernet LAN Scout Jr. 2 para cabos CAT 5e, CAT 6/6A com conexões RJ45	R$ 459,72	4.8	1600		8	https://www.amazon.com.br/dp/B0925826M2	https://www.amazon.com.br/dp/B0925826M2?tag=910556142-20	https://m.media-amazon.com/images/I/51Qo0v19KPL._AC_UL320_.jpg		67
amazon	B07P4ZTS48	Milwaukee Furadeira M12 12V 3/8 polegadas (2407-20) (somente ferramenta desencapada - bateria, carregador e acessórios não incluídos) (edição limitada)	R$ 830,19	4.8	1600		8	https://www.amazon.com.br/dp/B07P4ZTS48	https://www.amazon.com.br/dp/B07P4ZTS48?tag=910556142-20	https://m.media-amazon.com/images/I/6179rH5ZnzL._AC_UL320_.jpg		68
amazon	B09QRCRYJF	Bosch Esmerilhadeira GWS 700, 710W 127V, Azul	R$ 288,78	4.8	1500		8	https://www.amazon.com.br/dp/B09QRCRYJF	https://www.amazon.com.br/dp/B09QRCRYJF?tag=910556142-20	https://m.media-amazon.com/images/I/51AqxXxZ6XL._AC_UL320_.jpg	Mais de 800 compras no mês passado	69
amazon	B09QRQQY4S	Bosch Esmerilhadeira GWS 700, 710W 220V	R$ 269,90	4.8	1500		8	https://www.amazon.com.br/dp/B09QRQQY4S	https://www.amazon.com.br/dp/B09QRQQY4S?tag=910556142-20	https://m.media-amazon.com/images/I/51AqxXxZ6XL._AC_UL320_.jpg	Mais de 1 mil compras no mês passado	70
amazon	B08J2DN6HC	Klein Tools VDV427-300 Ferramenta de Punchdown Impacto com Lâmina 66/110 - Conexões CAT Confiáveis para Profissionais	R$ 169,80	4.8	1400		8	https://www.amazon.com.br/dp/B08J2DN6HC	https://www.amazon.com.br/dp/B08J2DN6HC?tag=910556142-20	https://m.media-amazon.com/images/I/51Pz2nr2j8L._AC_UL320_.jpg		71
amazon	B000BYEJ02	Milwaukee Acessório Em Angulo Reto 1/4" Bit 49-22-8510	R$ 625,52	4.8	1400		8	https://www.amazon.com.br/dp/B000BYEJ02	https://www.amazon.com.br/dp/B000BYEJ02?tag=910556142-20	https://m.media-amazon.com/images/I/61mCXPP9GUL._AC_UL320_.jpg		72
amazon	B000LGBZDE	Serra de alta tensão LENOX Tools 12132HT50, 30 cm, azul	R$ 232,81	4.8	1400		8	https://www.amazon.com.br/dp/B000LGBZDE	https://www.amazon.com.br/dp/B000LGBZDE?tag=910556142-20	https://m.media-amazon.com/images/I/4115LGWyylL._AC_UL320_.jpg		73
amazon	B07RCNHV62	CRAFTSMAN CMHT81714 20,32 cm (8") TIRAS, CORTADOR, CRIMPER	R$ 144,43	4.8	1300		8	https://www.amazon.com.br/dp/B07RCNHV62	https://www.amazon.com.br/dp/B07RCNHV62?tag=910556142-20	https://m.media-amazon.com/images/I/71Y601uc3iS._AC_UL320_.jpg		74
amazon	B00TODY7YO	Dremel EZ725 Kit de armazenamento de acessórios multiuso, 70 peças	R$ 431,05	4.8	1300		8	https://www.amazon.com.br/dp/B00TODY7YO	https://www.amazon.com.br/dp/B00TODY7YO?tag=910556142-20	https://m.media-amazon.com/images/I/71HCULgbzML._AC_UL320_.jpg		75
amazon	B002QB1ADW	MAKITA FURADEIRA DE IMPACTO 13MM (1/2 POL) 760W 220V HP1640	R$ 419,80	4.8	1300		8	https://www.amazon.com.br/dp/B002QB1ADW	https://www.amazon.com.br/dp/B002QB1ADW?tag=910556142-20	https://m.media-amazon.com/images/I/51go75931EL._AC_UL320_.jpg		76
amazon	B08WG2HC81	Serra de serra sem fio sem escovas Milwaukee 2821-20 M18 Fuel 18 V	R$ 1.909,02	4.8	1300		8	https://www.amazon.com.br/dp/B08WG2HC81	https://www.amazon.com.br/dp/B08WG2HC81?tag=910556142-20	https://m.media-amazon.com/images/I/51GnMARTIgL._AC_UL320_.jpg		77
amazon	B076YFHNJX	Bosch Serra Mármore GDC 151 TITAN 1500W 220V com 1 disco, kit refrigeração e maleta	R$ 529,90	4.8	1200		8	https://www.amazon.com.br/dp/B076YFHNJX	https://www.amazon.com.br/dp/B076YFHNJX?tag=910556142-20	https://m.media-amazon.com/images/I/71hRYBAzreL._AC_UL320_.jpg	Mais de 50 compras no mês passado	78
amazon	B0090IHA7Y	DEWALT DWA1790IR 3-Piece IMPACT READY Step Drill Bit Set	R$ 492,70	4.8	1200		8	https://www.amazon.com.br/dp/B0090IHA7Y	https://www.amazon.com.br/dp/B0090IHA7Y?tag=910556142-20	https://m.media-amazon.com/images/I/81g7IkN6zZL._AC_UL320_.jpg		79
amazon	B0CNDDK92R	Klein Tools Chave de impacto 32910, conjunto de soquete de impacto SAE 7 em 1 com alça, soquete flip com tamanhos de chave de porca de 1/4, 5/16, 3/8, 7/16, 1/2 e 9/16 polegadas e suporte de broca de	R$ 264,03	4.8	1200		8	https://www.amazon.com.br/dp/B0CNDDK92R	https://www.amazon.com.br/dp/B0CNDDK92R?tag=910556142-20	https://m.media-amazon.com/images/I/51rSRQ1hxsL._AC_UL320_.jpg		80
amazon	B08VW84W2G	Klein Tools Conjunto de ferramentas 80019, kit de ferramentas de chave de fenda e chave de porca, 30 brocas e tamanhos de força industrial diferentes, 4 peças	R$ 406,30	4.8	1200		8	https://www.amazon.com.br/dp/B08VW84W2G	https://www.amazon.com.br/dp/B08VW84W2G?tag=910556142-20	https://m.media-amazon.com/images/I/51kmN5HiYmL._AC_UL320_.jpg		81
amazon	B07GSH1K97	Bosch Serra Circular GKS 150 1500W 220V com 1 disco e guia	R$ 699,99	4.8	1100		8	https://www.amazon.com.br/dp/B07GSH1K97	https://www.amazon.com.br/dp/B07GSH1K97?tag=910556142-20	https://m.media-amazon.com/images/I/51lIxaMS15L._AC_UL320_.jpg		82
amazon	B0D18SYVJL	Klein Tools Chave de impacto 32934, conjunto de soquetes de impacto SAE 9 em 1, 4 soquetes flip com tamanhos de chave de porca de 1/4, 5/16, 3/8, 7/16, 1/2, 9/16, 5/8 e 3/10.2 cm com suporte de ponta	R$ 318,95	4.8	1000		8	https://www.amazon.com.br/dp/B0D18SYVJL	https://www.amazon.com.br/dp/B0D18SYVJL?tag=910556142-20	https://m.media-amazon.com/images/I/6187m951xTL._AC_UL320_.jpg		83
amazon	B08GH53PNM	NEIKO 02434A Conjunto de soquetes de impacto padrão e profundo de 9,5 mm (3/8 polegada), tamanhos SAE de 6 pontos de 1,6 cm a 2,2 cm, aço CRV, 20 peças	R$ 237,91	4.8	984		8	https://www.amazon.com.br/dp/B08GH53PNM	https://www.amazon.com.br/dp/B08GH53PNM?tag=910556142-20	https://m.media-amazon.com/images/I/71Vjdl4t8UL._AC_UL320_.jpg		84
amazon	B07TXN17NS	DEWALT XTREME 12V MAX* Chave de fenda sem fio, baterias de 1/4 pol, 2-Ah (DCF601F2)	R$ 1.714,57	4.8	977		8	https://www.amazon.com.br/dp/B07TXN17NS	https://www.amazon.com.br/dp/B07TXN17NS?tag=910556142-20	https://m.media-amazon.com/images/I/614WcsY7WBL._AC_UL320_.jpg		85
mercado-livre	MLB4708816427	Compressor de Ar Portátil Digital BHCASES 80W USB-C para Carro Moto Bike Preto	R$ 71	4.8		10mil	66	https://www.mercadolivre.com.br/compressor-de-ar-portatil-digital-bhcases-80w-usb-c-para-carro-moto-bike-preto/p/MLB62614365?pdp_filters=item_id%3AMLB4708816427&extra_comm=true&brand_comm=false#polycard_client=affiliates&wid=MLB4708816427&sid=affiliates	https://meli.la/1wYjUG9	https://http2.mlstatic.com/D_Q_NP_2X_783062-MLA112768807183_062026-AB.webp	10mil vendidos no Mercado Livre	1
mercado-livre	MLB6823283528	Bomba Elétrica Portátil Digital Para Encher Pneu De Carro Moto Bicicleta Inflador Automotivo Cor Preto	R$ 180,49	4.8		1000	62	https://www.mercadolivre.com.br/bomba-eletrica-portatil-digital-para-encher-pneu-de-carro-moto-bicicleta-inflador-automotivo-cor-preto/p/MLB57468779?pdp_filters=item_id%3AMLB6823283528&extra_comm=true&brand_comm=false#polycard_client=affiliates&wid=MLB6823283528&sid=affiliates	https://meli.la/154YAab	https://http2.mlstatic.com/D_Q_NP_2X_919649-MLA112122698633_052026-AB.webp	1000 vendidos no Mercado Livre	2
mercado-livre	MLB4716282936	Calibrador Compressor Pneu Digital Carro Bike Moto Sem Fio Cinza-escuro 127/220v	R$ 61,11	4.8		1000	27	https://www.mercadolivre.com.br/calibrador-compressor-pneu-digital-carro-bike-moto-sem-fio/up/MLBU781988082?pdp_filters=item_id%3AMLB4716282936&extra_comm=true&brand_comm=false#polycard_client=affiliates&wid=MLB4716282936&sid=affiliates	https://meli.la/1tD2jB8	https://http2.mlstatic.com/D_Q_NP_2X_833001-MLB91243130648_092025-AB.webp	1000 vendidos no Mercado Livre	3
mercado-livre	MLB6007008796	Paquímetro Digital De Alta Precisão Ferramenta De Medição Profissional 150mm (6 Polegadas) + 2 Baterias	R$ 25,65	4.8		10mil	22	https://www.mercadolivre.com.br/paquimetro-digital-de-alta-precisao-ferramenta-de-medicao-profissional-150mm-6-polegadas-2-baterias/p/MLB62834179?pdp_filters=item_id%3AMLB6007008796&extra_comm=true&brand_comm=false#polycard_client=affiliates&wid=MLB6007008796&sid=affiliates	https://meli.la/1EoHywJ	https://http2.mlstatic.com/D_Q_NP_2X_958955-MLA100940911894_122025-AB.webp	10mil vendidos no Mercado Livre	4
mercado-livre	MLB5360733834	Klm Kit Sds Plus Martelete Ponteiro E Talhadeiras Jogo 3 Peças 20mm E 40mm Profissional	R$ 30	4.8		10mil	20	https://www.mercadolivre.com.br/klm-kit-sds-plus-martelete-ponteiro-e-talhadeiras-jogo-3-pecas-20mm-e-40mm-profissional/p/MLB47892578?pdp_filters=item_id%3AMLB5360733834&extra_comm=true&brand_comm=false#polycard_client=affiliates&wid=MLB5360733834&sid=affiliates	https://meli.la/1kWPBuR	https://http2.mlstatic.com/D_Q_NP_2X_874075-MLA109554428598_042026-AB.webp	10mil vendidos no Mercado Livre	5
mercado-livre	MLB4419922077	Lavadora De Alta Pressão C/ Jato Vap Regulável Hlx1600 Tekna Cor Amarelo Frequência 60Hz	R$ 315,99	4.8		10mil	20	https://www.mercadolivre.com.br/lavadora-de-alta-pressao-c-jato-vap-regulavel-hlx1600-tekna-cor-amarelo-frequencia-60hz/p/MLB28358613?pdp_filters=item_id%3AMLB4419922077&extra_comm=true&brand_comm=false#polycard_client=affiliates&wid=MLB4419922077&sid=affiliates	https://meli.la/18cAg87	https://http2.mlstatic.com/D_Q_NP_2X_866818-MLA112775593000_062026-AB.webp	10mil vendidos no Mercado Livre	6
mercado-livre	MLB3368477333	Filtro Regulador Ar Compressor 1/4 Com Manometro E Suporte	R$ 34	4.7		5mil	20	https://www.mercadolivre.com.br/filtro-regulador-ar-compressor-14-com-manometro-e-suporte/up/MLBU1732699344?pdp_filters=item_id%3AMLB3368477333&extra_comm=true&brand_comm=false#polycard_client=affiliates&wid=MLB3368477333&sid=affiliates	https://meli.la/2tGqdJN	https://http2.mlstatic.com/D_Q_NP_2X_714043-MLB114370417315_072026-AB.webp	5mil vendidos no Mercado Livre	7
mercado-livre	MLB4216019291	Tesoura Elétrica Aitoolzo Sem Fio Tecidos Papelão Couro 127/220v Laranja	R$ 187,99	4.9		1000	20	https://www.mercadolivre.com.br/tesoura-eletrica-aitoolzo-sem-fio-tecidos-papelao-couro/up/MLBU3433206321?pdp_filters=item_id%3AMLB4216019291&extra_comm=true&brand_comm=false#polycard_client=affiliates&wid=MLB4216019291&sid=affiliates	https://meli.la/2QrQxEN	https://http2.mlstatic.com/D_Q_NP_2X_934659-MLB94992522190_102025-AB.webp	1000 vendidos no Mercado Livre	8
mercado-livre	MLB4794280851	Martelete Demolidor 5,4 Kg 900w M8600b Sextavado Makita Mt	R$ 1.235	4.8		500	20	https://www.mercadolivre.com.br/martelete-demolidor-54-kg-900w-m8600b-sextavado-makita-mt/p/MLB47263796?pdp_filters=item_id%3AMLB4794280851&extra_comm=true&brand_comm=false#polycard_client=affiliates&wid=MLB4794280851&sid=affiliates	https://meli.la/2mHPG7y	https://http2.mlstatic.com/D_Q_NP_2X_786256-MLA99850396189_112025-AB.webp	500 vendidos no Mercado Livre	9
mercado-livre	MLB5117688186	Lavadora De Alta Pressão Lav1300 Libras Vonder 1.300lbf	R$ 269,92	4.8		10mil	19	https://produto.mercadolivre.com.br/MLB-5117688186-lavadora-de-alta-presso-lav1300-libras-vonder-1300lbf-_JM?searchVariation=185462759413&pdp_filters=item_id%3AMLB5117688186&extra_comm=true&brand_comm=false#polycard_client=affiliates&sid=affiliates	https://meli.la/2a39wat	https://http2.mlstatic.com/D_Q_NP_2X_651172-MLB98386075371_112025-AB-lavadora-de-alta-presso-lav1300-libras-vonder-1300lbf.webp	10mil vendidos no Mercado Livre	10
mercado-livre	MLB6018852368	Moto Serra Elétrica 12 Polegadas Portátil 2 Baterias Vermelho 110/127/220v	R$ 362	4.7		1000	19	https://www.mercadolivre.com.br/moto-serra-eletrica-12-polegadas-portatil-2-baterias/up/MLBU3666876816?pdp_filters=item_id%3AMLB6018852368&extra_comm=true&brand_comm=false#polycard_client=affiliates&wid=MLB6018852368&sid=affiliates	https://meli.la/1RshbKM	https://http2.mlstatic.com/D_Q_NP_2X_972941-MLB106013055061_012026-AB.webp	1000 vendidos no Mercado Livre	11
mercado-livre	MLB3927983235	Kit Engate Rápido Pneumático 1/4 Acessórios Compressor Mangueira Ar Comprimido Alta Vazão Evotek Ferramentas	R$ 65,31	4.7		10mil	18	https://www.mercadolivre.com.br/kit-engate-rapido-pneumatico-14-acessorios-compressor-mangueira-ar-comprimido-alta-vazao-evotek-ferramentas/p/MLB44596676?pdp_filters=item_id%3AMLB3927983235&extra_comm=true&brand_comm=false#polycard_client=affiliates&wid=MLB3927983235&sid=affiliates	https://meli.la/1M6MimJ	https://http2.mlstatic.com/D_Q_NP_2X_810534-MLA113906973493_062026-AB.webp	10mil vendidos no Mercado Livre	12
mercado-livre	MLB1842823248	Pressostato Compressor De Ar Automático 125-175 Libras 1 Via	R$ 46,51	4.7		1000	18	https://www.mercadolivre.com.br/pressostato-compressor-de-ar-automatico-125175-libras-1-via/up/MLBU736694294?pdp_filters=item_id%3AMLB1842823248&extra_comm=true&brand_comm=false#polycard_client=affiliates&wid=MLB1842823248&sid=affiliates	https://meli.la/1WYsUX3	https://http2.mlstatic.com/D_Q_NP_2X_855062-MLB75168616660_032024-AB.webp	1000 vendidos no Mercado Livre	13
mercado-livre	MLB5365784650	Maquina Inversora Solda Mig 160a 3 Em 1 Tig Lift Acessórios Amarelo 220v	R$ 503,10	4.8		10mil	17	https://www.mercadolivre.com.br/maquina-inversora-solda-mig-160a-3-em-1-tig-lift-acessorios/up/MLBU3147529744?pdp_filters=item_id%3AMLB5365784650&extra_comm=true&brand_comm=false#polycard_client=affiliates&wid=MLB5365784650&sid=affiliates	https://meli.la/1pGwWMV	https://http2.mlstatic.com/D_Q_NP_2X_657210-MLB111079373466_052026-AB.webp	10mil vendidos no Mercado Livre	14
mercado-livre	MLB5337108432	Plaina Elétrica Manual Profissional 1500w 2 Lâminas Dobevi	R$ 279,44	4.8		5mil	17	https://produto.mercadolivre.com.br/MLB-5337108432-plaina-eletrica-manual-profissional-1500w-2-lminas-dobevi-_JM?searchVariation=183261876188&pdp_filters=item_id%3AMLB5337108432&extra_comm=true&brand_comm=false#polycard_client=affiliates&sid=affiliates	https://meli.la/21Zp9p3	https://http2.mlstatic.com/D_Q_NP_2X_970666-MLB114619827631_072026-AB-plaina-eletrica-manual-profissional-1500w-2-lminas-dobevi.webp	5mil vendidos no Mercado Livre	15
mercado-livre	MLB5205413158	Carrinho Vermelho Esteira 150kg Para Mecanicas Com Encosto	R$ 169,88	4.9		1000	17	https://www.mercadolivre.com.br/carrinho-vermelho-esteira-150kg-para-mecanicas-com-encosto/up/MLBU2875747533?pdp_filters=item_id%3AMLB5205413158&extra_comm=true&brand_comm=false#polycard_client=affiliates&wid=MLB5205413158&sid=affiliates	https://meli.la/2zrs3ok	https://http2.mlstatic.com/D_Q_NP_2X_893070-MLB109134531106_042026-AB.webp	1000 vendidos no Mercado Livre	16
mercado-livre	MLB1987691537	Torques Armador 14 Berg Corneta Ferramentas Ref-5648514	R$ 57	4.8		1000	17	https://www.mercadolivre.com.br/torques-armador-14-berg-corneta-ferramentas-ref5648514/up/MLBU599851498?pdp_filters=item_id%3AMLB1987691537&extra_comm=true&brand_comm=false#polycard_client=affiliates&wid=MLB1987691537&sid=affiliates	https://meli.la/2ZUj2Lz	https://http2.mlstatic.com/D_Q_NP_2X_700193-MLB111613343777_052026-AB.webp	1000 vendidos no Mercado Livre	17
mercado-livre	MLB5745919794	Auxiliar Partida Portátil Veicular Compressor Ar Emergência	R$ 179,40	4.8		1000	17	https://www.mercadolivre.com.br/auxiliar-partida-portatil-veicular-compressor-ar-emergencia/up/MLBU3452582928?pdp_filters=item_id%3AMLB5745919794&extra_comm=true&brand_comm=false#polycard_client=affiliates&wid=MLB5745919794&sid=affiliates	https://meli.la/1hQAPsb	https://http2.mlstatic.com/D_Q_NP_2X_952601-MLB104060579421_012026-AB.webp	1000 vendidos no Mercado Livre	18
mercado-livre	MLB4542818811	Kit Jogo Chave De Fenda E Philips 12 Peças Ferramenta Imantada Profissional S Siqueira	R$ 71,94	5		500	17	https://www.mercadolivre.com.br/kit-jogo-chave-de-fenda-e-philips-12-pecas-ferramenta-imantada-profissional-s-siqueira/p/MLB66765599?pdp_filters=item_id%3AMLB4542818811&extra_comm=true&brand_comm=false#polycard_client=affiliates&wid=MLB4542818811&sid=affiliates	https://meli.la/1yaLMgw	https://http2.mlstatic.com/D_Q_NP_2X_894762-MLA108879982613_032026-AB.webp	500 vendidos no Mercado Livre	19
mercado-livre	MLB7086896722	Kit de Ferramentas 120 Peças Furadeira Parafusadeira Impacto 21V 35Nm Mandril 10mm 2 Baterias Maleta B-TEK BT-658 Jogo Profissional a Bateria Sem Fio Soquetes Brocas Bits Alicate Reparos Manutenção	R$ 280,20	5		50	17	https://www.mercadolivre.com.br/kit-de-ferramentas-120-pecas-furadeira-parafusadeira-impacto-21v-35nm-mandril-10mm-2-baterias-maleta-b-tek-bt-658-jogo-profissional-a-bateria-sem-fio-soquetes-brocas-bits-alicate-reparos-manutencao/p/MLB74938179?pdp_filters=item_id%3AMLB7086896722&extra_comm=true&brand_comm=false#polycard_client=affiliates&wid=MLB7086896722&sid=affiliates	https://meli.la/1Ekupa7	https://http2.mlstatic.com/D_Q_NP_2X_674286-MLA114064477207_072026-AB.webp	50 vendidos no Mercado Livre	20
mercado-livre	MLB6948468140	Martelo Demolidor Hanabi 45j 110 V Rompedor Pesado Cor Azul Martelete Rompedor Demolidor 1240w 1800bpm Com Tanque Rompedor Industrial	R$ 779,99	4.8		25	17	https://www.mercadolivre.com.br/martelo-demolidor-hanabi-45j-110-v-rompedor-pesado-cor-azul-martelete-rompedor-demolidor-1240w-1800bpm-com-tanque-rompedor-industrial/p/MLB63824771?pdp_filters=item_id%3AMLB6948468140&extra_comm=true&brand_comm=false#polycard_client=affiliates&wid=MLB6948468140&sid=affiliates	https://meli.la/2Hi1qGK	https://http2.mlstatic.com/D_Q_NP_2X_776236-MLA103533729249_012026-AB.webp	25 vendidos no Mercado Livre	21
mercado-livre	MLB4560195257	Lavadora De Alta Pressão Profissional Lava Jato Sq-011 Preto 127/220v	R$ 159,60	4.6		100	12	https://www.mercadolivre.com.br/lavadora-de-alta-pressao-profissional-lava-jato-sq011/up/MLBU3893533504?pdp_filters=deal%3AMLB1578289-1&extra_comm=false&brand_comm=false#polycard_client=affiliates&wid=MLB4560195257&sid=affiliates	https://meli.la/129A3US	https://http2.mlstatic.com/D_Q_NP_2X_960497-MLB111984600414_062026-AB.webp	100 vendidos no Mercado Livre	22
mercado-livre	MLB4786967488	Jogo Kit Caixa Ferramentas 129 Pçs Estojo Plastico Maleta Preto	R$ 99,90	4.9		1000	12	https://www.mercadolivre.com.br/jogo-kit-caixa-ferramentas-129-pcs-estojo-plastico-maleta/up/MLBU782542764?pdp_filters=deal%3AMLB1578289-1&extra_comm=false&brand_comm=false#polycard_client=affiliates&wid=MLB4786967488&sid=affiliates	https://meli.la/13h7SJm	https://http2.mlstatic.com/D_Q_NP_2X_986718-MLB111940142917_052026-AB.webp	1000 vendidos no Mercado Livre	23
mercado-livre	MLB3399471171	Kit Completo Aerografia Mini Compressor Ar + Aerógrafo 0,3mm	R$ 377,61	4.7		10mil	16	https://www.mercadolivre.com.br/kit-completo-aerografia-mini-compressor-ar-aerografo-03mm/p/MLB25685239?pdp_filters=item_id%3AMLB3399471171&extra_comm=true&brand_comm=false#polycard_client=affiliates&wid=MLB3399471171&sid=affiliates	https://meli.la/2PeQn8w	https://http2.mlstatic.com/D_Q_NP_2X_670452-MLA99483709052_112025-AB.webp	10mil vendidos no Mercado Livre	24
mercado-livre	MLB5433775144	5m Mangueira Para Lavadora Alta Pressão Wap Ousada Plus 2200 Preto	R$ 62,15	4.8		5mil	16	https://www.mercadolivre.com.br/5m-mangueira-para-lavadora-alta-pressao-wap-ousada-plus-2200/up/MLBU3234241931?pdp_filters=item_id%3AMLB5433775144&extra_comm=true&brand_comm=false#polycard_client=affiliates&wid=MLB5433775144&sid=affiliates	https://meli.la/1GHPUcc	https://http2.mlstatic.com/D_Q_NP_2X_949594-MLB111047511915_042026-AB.webp	5mil vendidos no Mercado Livre	25
mercado-livre	MLB4907162813	Calibrador Compressor Pneu Digital Bomba Ar Auxiliar Partida	R$ 186	4.8		1000	16	https://www.mercadolivre.com.br/calibrador-compressor-pneu-digital-bomba-ar-auxiliar-partida/p/MLB56111519?pdp_filters=item_id%3AMLB4907162813&extra_comm=true&brand_comm=false#polycard_client=affiliates&wid=MLB4907162813&sid=affiliates	https://meli.la/2xbYv8g	https://http2.mlstatic.com/D_Q_NP_2X_650172-MLA99524411784_122025-AB.webp	1000 vendidos no Mercado Livre	26
mercado-livre	MLB3402020623	Serra Circular Elétrica 185mm 1000w Frequência 60Hz Pró Euro	R$ 241,43	4.5		1000	16	https://www.mercadolivre.com.br/serra-circular-eletrica-185mm-1000w-frequencia-60hz-pro-euro/p/MLB23854930?pdp_filters=item_id%3AMLB3402020623&extra_comm=true&brand_comm=false#polycard_client=affiliates&wid=MLB3402020623&sid=affiliates	https://meli.la/1hAbirz	https://http2.mlstatic.com/D_Q_NP_2X_698404-MLA110593218968_052026-AB.webp	1000 vendidos no Mercado Livre	27
mercado-livre	MLB4113345367	Caixa Anel Oring Ar Condicionado Automotivo 265 Peças 18 Mod	R$ 33,90	4.9		500	16	https://www.mercadolivre.com.br/caixa-anel-oring-ar-condicionado-automotivo-265-pecas-18-mod/up/MLBU3268631735?pdp_filters=item_id%3AMLB4113345367&extra_comm=true&brand_comm=false#polycard_client=affiliates&wid=MLB4113345367&sid=affiliates	https://meli.la/17somNn	https://http2.mlstatic.com/D_Q_NP_2X_614139-MLB113150815971_062026-AB.webp	500 vendidos no Mercado Livre	28
mercado-livre	MLB3829147477	Máquina Solda 150a Flex Mig Mma Tig Lift Bivolt + Arame 1kg	R$ 674,90	4.8		500	16	https://www.mercadolivre.com.br/maquina-solda-150a-flex-mig-mma-tig-lift-bivolt--arame-1kg/up/MLBU1979808275?pdp_filters=item_id%3AMLB3829147477&extra_comm=true&brand_comm=false#polycard_client=affiliates&wid=MLB3829147477&sid=affiliates	https://meli.la/1CuNmWU	https://http2.mlstatic.com/D_Q_NP_2X_991607-MLB99765225454_122025-AB.webp	500 vendidos no Mercado Livre	29
mercado-livre	MLB5932934872	Kit Chave Precisão Profissional 115 Peças Magnético Manutenção Celular Notebook Jogo Compacta Multiuso iPhone Computador Vídeo Game Tablet Philips FendaTorx Y Nixzen	R$ 33,90	4.7		10mil	13	https://www.mercadolivre.com.br/kit-chave-precisao-profissional-115-pecas-magnetico-manutencao-celular-notebook-jogo-compacta-multiuso-iphone-computador-video-game-tablet-philips-fendatorx-y-nixzen/p/MLB62110990?pdp_filters=item_id%3AMLB5932934872&extra_comm=true&brand_comm=false#polycard_client=affiliates&wid=MLB5932934872&sid=affiliates	https://meli.la/1S92u9z	https://http2.mlstatic.com/D_Q_NP_2X_751055-MLA112428593866_062026-AB.webp	10mil vendidos no Mercado Livre	30
mercado-livre	MLB3771505959	Parafusadeira E Furadeira Impacto The Black Tools Tb-21pw 3/8 Cor Amarelo Frequência 50/60 Hz	R$ 140,60	4.8		100mil	12	https://www.mercadolivre.com.br/parafusadeira-e-furadeira-impacto-the-black-tools-tb-21pw-38-cor-amarelo-frequencia-5060-hz/p/MLB38053317?pdp_filters=deal%3AMLB1578289-1&extra_comm=false&brand_comm=false#polycard_client=affiliates&wid=MLB3771505959&sid=affiliates	https://meli.la/2JNaU6d	https://http2.mlstatic.com/D_Q_NP_2X_683617-MLA99862544303_112025-AB.webp	100mil vendidos no Mercado Livre	31
mercado-livre	MLB2793858589	Lavadora de Alta Pressão WAP Ousada Plus 2200 1500W de Potência 1750 PSI	R$ 467,41	4.7		100mil	12	https://www.mercadolivre.com.br/lavadora-de-alta-pressao-wap-ousada-plus-2200-1500w-de-potencia-1750-psi/p/MLB15345686?pdp_filters=deal%3AMLB1578289-1&extra_comm=false&brand_comm=false#polycard_client=affiliates&wid=MLB2793858589&sid=affiliates	https://meli.la/1qsi1s3	https://http2.mlstatic.com/D_Q_NP_2X_694471-MLA96077668763_102025-AB.webp	100mil vendidos no Mercado Livre	32
mercado-livre	MLB2794432256	Lavadora de Alta Pressão Wap Ousada Plus 2200 1500W 1750 PSI	R$ 560,40	4.7		50mil	12	https://www.mercadolivre.com.br/lavadora-de-alta-pressao-wap-ousada-plus-2200-1500w-1750-psi/p/MLB15345687?pdp_filters=deal%3AMLB1578289-1&extra_comm=false&brand_comm=false#polycard_client=affiliates&wid=MLB2794432256&sid=affiliates	https://meli.la/1DTJu3D	https://http2.mlstatic.com/D_Q_NP_2X_903761-MLA99549584628_122025-AB.webp	50mil vendidos no Mercado Livre	33
mercado-livre	MLB3809978646	Kit Parafusadeira Furadeira 2 Bat. Lct204 Makita	R$ 951,80	4.9		10mil	12	https://www.mercadolivre.com.br/kit-parafusadeira-furadeira-2-bat-lct204-makita/p/MLB19689173?pdp_filters=deal%3AMLB1578289-1&extra_comm=false&brand_comm=false#polycard_client=affiliates&wid=MLB3809978646&sid=affiliates	https://meli.la/17LWAfp	https://http2.mlstatic.com/D_Q_NP_2X_917455-MLA99509523026_112025-AB.webp	10mil vendidos no Mercado Livre	34
mercado-livre	MLB5769944586	Parafusadeira Furadeira De Impacto Profissional Sem Fio 2 Baterias 21v Com Maleta Tb-21yx The Black Tools	R$ 199,90	4.9		10mil	12	https://www.mercadolivre.com.br/parafusadeira-furadeira-de-impacto-profissional-sem-fio-2-baterias-21v-com-maleta-tb-21yx-the-black-tools/p/MLB58927765?pdp_filters=deal%3AMLB1578289-1&extra_comm=false&brand_comm=false#polycard_client=affiliates&wid=MLB5769944586&sid=affiliates	https://meli.la/1vZ2KH6	https://http2.mlstatic.com/D_Q_NP_2X_781282-MLA99513868182_112025-AB.webp	10mil vendidos no Mercado Livre	35
mercado-livre	MLB6970209096	Serra Circular Para Madeira 7.1/4pol 1600w - Hs7010 Makita Cor Azul-turquesa	R$ 760	4.9		10mil	12	https://www.mercadolivre.com.br/serra-circular-para-madeira-714pol-1600w-hs7010-makita-cor-azul-turquesa/p/MLB15462505?pdp_filters=deal%3AMLB1578289-1&extra_comm=false&brand_comm=false#polycard_client=affiliates&wid=MLB6970209096&sid=affiliates	https://meli.la/2F92W7P	https://http2.mlstatic.com/D_Q_NP_2X_790579-MLA99998058691_112025-AB.webp	10mil vendidos no Mercado Livre	36
mercado-livre	MLB3551603209	Lavadora De Alta Pressão Vonder 1400w Lav 1600 Amarelo 127 V	R$ 329,90	4.9		10mil	12	https://www.mercadolivre.com.br/lavadora-de-alta-pressao-vonder-1400w-lav-1600-amarelo-127-v/p/MLB29187736?pdp_filters=deal%3AMLB1578289-1&extra_comm=false&brand_comm=false#polycard_client=affiliates&wid=MLB3551603209&sid=affiliates	https://meli.la/1pMXaGZ	https://http2.mlstatic.com/D_Q_NP_2X_886456-MLA100028169609_122025-AB.webp	10mil vendidos no Mercado Livre	37
mercado-livre	MLB5041791014	Esmerilhadeira Lixadeira Angular Bte750 4.1/2 750w Com Discos 4.1/2 The Black Tools	R$ 132,05	4.8		10mil	12	https://www.mercadolivre.com.br/esmerilhadeira-lixadeira-angular-bte750-412-750w-com-discos-412-the-black-tools/p/MLB40006578?pdp_filters=deal%3AMLB1578289-1&extra_comm=false&brand_comm=false#polycard_client=affiliates&wid=MLB5041791014&sid=affiliates	https://meli.la/2RieSAG	https://http2.mlstatic.com/D_Q_NP_2X_925184-MLA99848508979_112025-AB.webp	10mil vendidos no Mercado Livre	38
mercado-livre	MLB3552674321	Máquina Inversora De Solda Portatil Mma Eletrodo MI150D 120A The Black Tools	R$ 207,95	4.8		10mil	12	https://www.mercadolivre.com.br/maquina-inversora-de-solda-portatil-mma-eletrodo-mi150d-120a-the-black-tools/p/MLB29307476?pdp_filters=deal%3AMLB1578289-1&extra_comm=false&brand_comm=false#polycard_client=affiliates&wid=MLB3552674321&sid=affiliates	https://meli.la/1ikvCjS	https://http2.mlstatic.com/D_Q_NP_2X_845995-MLA104461209320_012026-AB.webp	10mil vendidos no Mercado Livre	39
mercado-livre	MLB5599132594	Lavadora de Alta Pressão Compacta WAP WL 1800 1400W 1500PSI 360L/h 220V	R$ 299	4.8		10mil	12	https://www.mercadolivre.com.br/lavadora-de-alta-pressao-compacta-wap-wl-1800-1400w-1500psi-360lh-220v/p/MLB53860589?pdp_filters=deal%3AMLB1578289-1&extra_comm=false&brand_comm=false#polycard_client=affiliates&wid=MLB5599132594&sid=affiliates	https://meli.la/23op2aE	https://http2.mlstatic.com/D_Q_NP_2X_969245-MLA99639655414_122025-AB.webp	10mil vendidos no Mercado Livre	40
mercado-livre	MLB4167180457	Lavadora de Alta Pressão Compacta WAP WL 1800 1400W 1500PSI 360L/h 127V	R$ 299	4.8		10mil	12	https://www.mercadolivre.com.br/lavadora-de-alta-pressao-compacta-wap-wl-1800-1400w-1500psi-360lh-127v/p/MLB53768796?pdp_filters=deal%3AMLB1578289-1&extra_comm=false&brand_comm=false#polycard_client=affiliates&wid=MLB4167180457&sid=affiliates	https://meli.la/27sA9kt	https://http2.mlstatic.com/D_Q_NP_2X_914656-MLA112812146736_072026-AB.webp	10mil vendidos no Mercado Livre	41
mercado-livre	MLB2175051990	Lavadora de Alta Pressão Kärcher K5 motor a indução 2.100 PSI/Libras 360 L/h 1.900 W com lança turbo e lança leque 220v	R$ 978,35	4.8		10mil	12	https://www.mercadolivre.com.br/lavadora-de-alta-pressao-krcher-k5-motor-a-inducao-2100-psilibras-360-lh-1900-w-com-lanca-turbo-e-lanca-leque-220v/p/MLB18611174?pdp_filters=deal%3AMLB1578289-1&extra_comm=false&brand_comm=false#polycard_client=affiliates&wid=MLB2175051990&sid=affiliates	https://meli.la/1D1ULqh	https://http2.mlstatic.com/D_Q_NP_2X_692047-MLA99979985415_112025-AB.webp	10mil vendidos no Mercado Livre	42
mercado-livre	MLB3782376983	Parafusadeira Furadeira De Impacto Profissional 21v Tb21pw Com Kit Brocas E Buchas 300 Peças The Black Tools	R$ 189,90	4.7		10mil	12	https://www.mercadolivre.com.br/parafusadeira-furadeira-de-impacto-profissional-21v-tb21pw-com-kit-brocas-e-buchas-300-pecas-the-black-tools/p/MLB38354932?pdp_filters=deal%3AMLB1578289-1&extra_comm=false&brand_comm=false#polycard_client=affiliates&wid=MLB3782376983&sid=affiliates	https://meli.la/1SDZ49L	https://http2.mlstatic.com/D_Q_NP_2X_957677-MLA99930615627_112025-AB.webp	10mil vendidos no Mercado Livre	43
mercado-livre	MLB5257939264	Parafusadeira E Furadeira De Impacto 3/8 The Black Tools Tb21-pz Com 2 Baterias E Acessorios	R$ 144,22	4.7		10mil	12	https://www.mercadolivre.com.br/parafusadeira-e-furadeira-de-impacto-38-the-black-tools-tb21-pz-com-2-baterias-e-acessorios/p/MLB45470955?pdp_filters=deal%3AMLB1578289-1&extra_comm=false&brand_comm=false#polycard_client=affiliates&wid=MLB5257939264&sid=affiliates	https://meli.la/2rYC1gu	https://http2.mlstatic.com/D_Q_NP_2X_946610-MLA99943898915_112025-AB.webp	10mil vendidos no Mercado Livre	44
mercado-livre	MLB1981433920	Lavadora de Alta Pressão WAP Premier 2600 1800W 2000 PSI com Aplicador de Detergente	R$ 689	4.7		10mil	12	https://www.mercadolivre.com.br/lavadora-de-alta-pressao-wap-premier-2600-1800w-2000-psi-com-aplicador-de-detergente/p/MLB15453110?pdp_filters=deal%3AMLB1578289-1&extra_comm=false&brand_comm=false#polycard_client=affiliates&wid=MLB1981433920&sid=affiliates	https://meli.la/1WD1KPs	https://http2.mlstatic.com/D_Q_NP_2X_756743-MLA99544726526_122025-AB.webp	10mil vendidos no Mercado Livre	45
mercado-livre	MLB4674539315	Lavadora de Alta Pressão WAP Líder 2200 1750W de Potência 1800PSI com Aplicador de Detergente	R$ 699,90	4.7		10mil	12	https://www.mercadolivre.com.br/lavadora-de-alta-pressao-wap-lider-2200-1750w-de-potencia-1800psi-com-aplicador-de-detergente/p/MLB15380543?pdp_filters=deal%3AMLB1578289-1&extra_comm=false&brand_comm=false#polycard_client=affiliates&wid=MLB4674539315&sid=affiliates	https://meli.la/1e9yz4m	https://http2.mlstatic.com/D_Q_NP_2X_841350-MLA99508217916_112025-AB.webp	10mil vendidos no Mercado Livre	46
mercado-livre	MLB6481260930	Kit Chaves Ferramentas Jogo Fenda Philips Catraca Soquete Allen 46 Peças Com Maleta Completa Manual Ideal Mecânico Manutenção Casa Carro Profissional Resistente Portátil Compacto Quicko Vermelho	R$ 29	4.6		10mil	12	https://www.mercadolivre.com.br/kit-chaves-ferramentas-jogo-fenda-philips-catraca-soquete-allen-46-pecas-com-maleta-completa-manual-ideal-mecanico-manutencao-casa-carro-profissional-resistente-portatil-compacto-quicko-vermelho/p/MLB67445153?pdp_filters=deal%3AMLB1578289-1&extra_comm=false&brand_comm=false#polycard_client=affiliates&wid=MLB6481260930&sid=affiliates	https://meli.la/1i1E18t	https://http2.mlstatic.com/D_Q_NP_2X_737990-MLA109866640777_032026-AB.webp	10mil vendidos no Mercado Livre	47
mercado-livre	MLB4024727869	Kit Ferramentas C/ Maleta 178 Pçs Gedore Oficina Mecânica	R$ 990,75	4.9		5mil	12	https://www.mercadolivre.com.br/kit-ferramentas-c-maleta-178-pcs-gedore-oficina-mecanica/p/MLB44910786?pdp_filters=deal%3AMLB1578289-1&extra_comm=false&brand_comm=false#polycard_client=affiliates&wid=MLB4024727869&sid=affiliates	https://meli.la/2HnAfnc	https://http2.mlstatic.com/D_Q_NP_2X_699348-MLA95503716072_102025-AB.webp	5mil vendidos no Mercado Livre	48
mercado-livre	MLB3969177191	Bico Contato 0.8mm M6x25 Tocha Mig V8 Tork Boxer Com 10 Un	R$ 19,20	4.9		5mil	12	https://www.mercadolivre.com.br/bico-contato-08mm-m6x25-tocha-mig-v8-tork-boxer-com-10-un/p/MLB29243425?pdp_filters=deal%3AMLB1578289-1&extra_comm=false&brand_comm=false#polycard_client=affiliates&wid=MLB3969177191&sid=affiliates	https://meli.la/2muQtDt	https://http2.mlstatic.com/D_Q_NP_2X_978737-MLA95644245488_102025-AB.webp	5mil vendidos no Mercado Livre	49
mercado-livre	MLB6567992156	Grampeador Tapeceiro Manual Madeira Estofado Profissional Aço Tapeçaria Alta Pressão Com 1000 Grampos FERCZ MÁQUINAS E FERRAMENTAS	R$ 38,99	4.8		5mil	12	https://www.mercadolivre.com.br/grampeador-tapeceiro-manual-madeira-estofado-profissional-aco-tapecaria-alta-pressao-com-1000-grampos-fercz-maquinas-e-ferramentas/p/MLB58582293?pdp_filters=deal%3AMLB1578289-1&extra_comm=false&brand_comm=false#polycard_client=affiliates&wid=MLB6567992156&sid=affiliates	https://meli.la/2PMcuBx	https://http2.mlstatic.com/D_Q_NP_2X_957203-MLA107170872473_022026-AB.webp	5mil vendidos no Mercado Livre	50
mercado-livre	MLB5701841518	A Pistola De Pintura Hvlp 1.4l 600w Com 4 Bicos Tpp150	R$ 184,30	4.8		5mil	12	https://www.mercadolivre.com.br/a-pistola-de-pintura-hvlp-14l-600w-com-4-bicos-tpp150/p/MLB55898949?pdp_filters=deal%3AMLB1578289-1&extra_comm=false&brand_comm=false#polycard_client=affiliates&wid=MLB5701841518&sid=affiliates	https://meli.la/25HaHr2	https://http2.mlstatic.com/D_Q_NP_2X_888248-MLA109322110405_032026-AB.webp	5mil vendidos no Mercado Livre	51
mercado-livre	MLB5140907886	Lixadeira Teto E Parede Telescópica Profissional Com Led E Saco Coletor The Black Tools Btl750 750w	R$ 659,90	4.8		5mil	12	https://www.mercadolivre.com.br/lixadeira-teto-e-parede-telescopica-profissional-com-led-e-saco-coletor-the-black-tools-btl750-750w/p/MLB32161346?pdp_filters=deal%3AMLB1578289-1&extra_comm=false&brand_comm=false#polycard_client=affiliates&wid=MLB5140907886&sid=affiliates	https://meli.la/1kLJ1Z5	https://http2.mlstatic.com/D_Q_NP_2X_807602-MLA98636800660_112025-AB.webp	5mil vendidos no Mercado Livre	52
mercado-livre	MLB3536894691	Plaina Elétrica Manual Para Madeira Bfp780 The Black Tools 780w 16500rpm	R$ 254,90	4.8		5mil	12	https://www.mercadolivre.com.br/plaina-eletrica-manual-para-madeira-bfp780-the-black-tools-780w-16500rpm/p/MLB28722886?pdp_filters=deal%3AMLB1578289-1&extra_comm=false&brand_comm=false#polycard_client=affiliates&wid=MLB3536894691&sid=affiliates	https://meli.la/24X8H6r	https://http2.mlstatic.com/D_Q_NP_2X_654432-MLA113459248043_062026-AB.webp	5mil vendidos no Mercado Livre	53
mercado-livre	MLB3608314547	Serra Circular Profissional The Black Tools BTC1000 7.1/4 Pol. 185mm 1100w 60hz Com Disco Madeira	R$ 274,48	4.7		5mil	12	https://www.mercadolivre.com.br/serra-circular-profissional-the-black-tools-btc1000-714-pol-185mm-1100w-60hz-com-disco-madeira/p/MLB27010811?pdp_filters=deal%3AMLB1578289-1&extra_comm=false&brand_comm=false#polycard_client=affiliates&wid=MLB3608314547&sid=affiliates	https://meli.la/28z1PPB	https://http2.mlstatic.com/D_Q_NP_2X_717570-MLA114209211177_072026-AB.webp	5mil vendidos no Mercado Livre	54
mercado-livre	MLB5760302776	Jogo Soquetes Catracas Ferramentas Kit Chave 216 Peças Completa Oficina Master Maleta Tkf216 The Black Tools	R$ 549,90	4.7		5mil	12	https://www.mercadolivre.com.br/jogo-soquetes-catracas-ferramentas-kit-chave-216-pecas-completa-oficina-master-maleta-tkf216-the-black-tools/p/MLB58515071?pdp_filters=deal%3AMLB1578289-1&extra_comm=false&brand_comm=false#polycard_client=affiliates&wid=MLB5760302776&sid=affiliates	https://meli.la/1nWShvf	https://http2.mlstatic.com/D_Q_NP_2X_765367-MLA99991145075_112025-AB.webp	5mil vendidos no Mercado Livre	55
mercado-livre	MLB3902868166	Lavadora De Alta Pressão Kärcher K2 Plus Car 1740psi 1400w Canhão de Espuma Kärcher Lança de Jato Turbo Rotativo 127v	R$ 524,47	4.7		5mil	12	https://www.mercadolivre.com.br/lavadora-de-alta-pressao-krcher-k2-plus-car-1740psi-1400w-canhao-de-espuma-krcher-lanca-de-jato-turbo-rotativo-127v/p/MLB21348211?pdp_filters=deal%3AMLB1578289-1&extra_comm=false&brand_comm=false#polycard_client=affiliates&wid=MLB3902868166&sid=affiliates	https://meli.la/2r9A2UD	https://http2.mlstatic.com/D_Q_NP_2X_984744-MLA99637517360_122025-AB.webp	5mil vendidos no Mercado Livre	56
mercado-livre	MLB5235271694	Soprador De Folhas The Black Tools Tcb21b A Bateria Aspirador Elétrico Com Saco Coletor Cor Amarelo e Preto	R$ 169,90	4.6		5mil	12	https://www.mercadolivre.com.br/soprador-de-folhas-the-black-tools-tcb21b-a-bateria-aspirador-eletrico-com-saco-coletor-cor-amarelo-e-preto/p/MLB41312742?pdp_filters=deal%3AMLB1578289-1&extra_comm=false&brand_comm=false#polycard_client=affiliates&wid=MLB5235271694&sid=affiliates	https://meli.la/1GC1YGD	https://http2.mlstatic.com/D_Q_NP_2X_615369-MLA111647297507_052026-AB.webp	5mil vendidos no Mercado Livre	57
mercado-livre	MLB5781221970	Martelo De Prego Profissional Tipo Unha Cabeça Em Aço Cabo Fibra Emborrachado Resistente Ferramenta Portátil E Multifuncional Construção Obra Casa Pedreiro Carpinteiro Serralheiro Reforma Marca Lfal	R$ 18,43	4.6		5mil	12	https://www.mercadolivre.com.br/martelo-de-prego-profissional-tipo-unha-cabeca-em-aco-cabo-fibra-emborrachado-resistente-ferramenta-portatil-e-multifuncional-construcao-obra-casa-pedreiro-carpinteiro-serralheiro-reforma-marca-lfal/p/MLB52379979?pdp_filters=deal%3AMLB1578289-1&extra_comm=false&brand_comm=false#polycard_client=affiliates&wid=MLB5781221970&sid=affiliates	https://meli.la/2QFa2qT	https://http2.mlstatic.com/D_Q_NP_2X_868606-MLA100107212411_122025-AB.webp	5mil vendidos no Mercado Livre	58
mercado-livre	MLB5339180622	Kit De Ferramentas 169 Peças + Parafusadeira Furadeira 12v	R$ 236,45	4.9		1000	12	https://www.mercadolivre.com.br/kit-de-ferramentas-169-pecas--parafusadeira-furadeira-12v/up/MLBU3106873294?pdp_filters=deal%3AMLB1578289-1&extra_comm=false&brand_comm=false#polycard_client=affiliates&wid=MLB5339180622&sid=affiliates	https://meli.la/2h2p1iX	https://http2.mlstatic.com/D_Q_NP_2X_839592-MLB113912675573_062026-AB.webp	1000 vendidos no Mercado Livre	59
mercado-livre	MLB4464180115	Carregador 21v 1a Bivolt Parafusadeira Bateria Litio P4	R$ 27	4.9		1000	12	https://www.mercadolivre.com.br/carregador-21v-1a-bivolt-parafusadeira-bateria-litio-p4/up/MLBU3782891508?pdp_filters=deal%3AMLB1578289-1&extra_comm=false&brand_comm=false#polycard_client=affiliates&wid=MLB4464180115&sid=affiliates	https://meli.la/19pixnw	https://http2.mlstatic.com/D_Q_NP_2X_636296-MLB106702012031_022026-AB.webp	1000 vendidos no Mercado Livre	60
mercado-livre	MLB5575872334	Mangueira Para Compressor Bomba De Ar Portátil Rosca M6 Preto	R$ 39,77	4.9		1000	12	https://www.mercadolivre.com.br/mangueira-para-compressor-bomba-de-ar-portatil-rosca-m6/up/MLBU3355643113?pdp_filters=deal%3AMLB1578289-1&extra_comm=false&brand_comm=false#polycard_client=affiliates&wid=MLB5575872334&sid=affiliates	https://meli.la/33d2Lo1	https://http2.mlstatic.com/D_Q_NP_2X_985675-MLB93971690737_102025-AB.webp	1000 vendidos no Mercado Livre	61
mercado-livre	MLB5661583120	Pressostato Cebolinha 1/4 120160psi Compressor Suspensão Ar	R$ 62,46	4.9		1000	12	https://www.mercadolivre.com.br/pressostato-cebolinha-14-120160psi-compressor-suspensao-ar/up/MLBU3402614222?pdp_filters=deal%3AMLB1578289-1&extra_comm=false&brand_comm=false#polycard_client=affiliates&wid=MLB5661583120&sid=affiliates	https://meli.la/1TTqQkZ	https://http2.mlstatic.com/D_Q_NP_2X_852576-MLB113857733021_062026-AB.webp	1000 vendidos no Mercado Livre	62
mercado-livre	MLB4615590745	Lavadora de Alta Pressão Jato Compacta Philco PLP2200 1300W 1300 PSI/Libras 312L/h Lança Regulável 220v	R$ 289,90	4.9		1000	12	https://www.mercadolivre.com.br/lavadora-de-alta-pressao-jato-compacta-philco-plp2200-1300w-1300-psilibras-312lh-lanca-regulavel-220v/p/MLB62094625?pdp_filters=deal%3AMLB1578289-1&extra_comm=false&brand_comm=false#polycard_client=affiliates&wid=MLB4615590745&sid=affiliates	https://meli.la/33AKgj1	https://http2.mlstatic.com/D_Q_NP_2X_884774-MLA110242800914_052026-AB.webp	1000 vendidos no Mercado Livre	63
mercado-livre	MLB6428496646	Esmerilhadeira Angular 850w GWS-850 Azul Bosch Mais 3 discos	R$ 456,39	4.8		1000	12	https://www.mercadolivre.com.br/esmerilhadeira-angular-850w-gws-850-azul-bosch-mais-3-discos/p/MLB18617760?pdp_filters=deal%3AMLB1578289-1&extra_comm=false&brand_comm=false#polycard_client=affiliates&wid=MLB6428496646&sid=affiliates	https://meli.la/1qwqX3p	https://http2.mlstatic.com/D_Q_NP_2X_711126-MLA99969634305_112025-AB.webp	1000 vendidos no Mercado Livre	64
mercado-livre	MLB4212932415	Serra Tico Tico Einhell TC-JS 60 E 400W Velocidade Variável	R$ 100,90	4.8		1000	12	https://www.mercadolivre.com.br/serra-tico-tico-einhell-tc-js-60-e-400w-velocidade-variavel/p/MLB19808243?pdp_filters=deal%3AMLB1578289-1&extra_comm=false&brand_comm=false#polycard_client=affiliates&wid=MLB4212932415&sid=affiliates	https://meli.la/2T85LB4	https://http2.mlstatic.com/D_Q_NP_2X_947284-MLA99463173268_112025-AB.webp	1000 vendidos no Mercado Livre	65
mercado-livre	MLB6568769272	Tesoura Para Corte De Perfil Drywall E Chapas De Metal Preto Preto	R$ 34,90	4.8		1000	12	https://www.mercadolivre.com.br/tesoura-para-corte-de-perfil-drywall-e-chapas-de-metal-preto/up/MLBU3887651532?pdp_filters=deal%3AMLB1578289-1&extra_comm=false&brand_comm=false#polycard_client=affiliates&wid=MLB6568769272&sid=affiliates	https://meli.la/2cUYhJJ	https://http2.mlstatic.com/D_Q_NP_2X_916977-MLB109197128354_042026-AB.webp	1000 vendidos no Mercado Livre	66
mercado-livre	MLB4070591569	Cortadora De Metais Policorte Gco 230 2300w Com Disco Cor Azul	R$ 1.575	4.8		1000	12	https://www.mercadolivre.com.br/cortadora-de-metais-policorte-gco-230-2300w-com-disco-cor-azul/p/MLB37353757?pdp_filters=deal%3AMLB1578289-1&extra_comm=false&brand_comm=false#polycard_client=affiliates&wid=MLB4070591569&sid=affiliates	https://meli.la/224KfFj	https://http2.mlstatic.com/D_Q_NP_2X_990965-MLA99453321520_112025-AB.webp	1000 vendidos no Mercado Livre	67
mercado-livre	MLB3846051607	Máquina Inversora Solda Top Arc 200a Start Cor Amarelo Frequência 50Hz - 60Hz	R$ 245,22	4.8		1000	12	https://www.mercadolivre.com.br/maquina-inversora-solda-top-arc-200a-start-cor-amarelo-frequencia-50hz-60hz/p/MLB40440568?pdp_filters=deal%3AMLB1578289-1&extra_comm=false&brand_comm=false#polycard_client=affiliates&wid=MLB3846051607&sid=affiliates	https://meli.la/2tNfDmp	https://http2.mlstatic.com/D_Q_NP_2X_658685-MLA99503121626_112025-AB.webp	1000 vendidos no Mercado Livre	68
mercado-livre	MLB5369953710	Máquina De Solda Inversora Mig 160a Sem Gás 3 Em 1 Tig Lift Eletrodo Easymig Start Com Máscara De Solda Automática	R$ 581,90	4.8		1000	12	https://www.mercadolivre.com.br/maquina-de-solda-inversora-mig-160a-sem-gas-3-em-1-tig-lift-eletrodo-easymig-start-com-mascara-de-solda-automatica/p/MLB39368204?pdp_filters=deal%3AMLB1578289-1&extra_comm=false&brand_comm=false#polycard_client=affiliates&wid=MLB5369953710&sid=affiliates	https://meli.la/18zSt5X	https://http2.mlstatic.com/D_Q_NP_2X_683233-MLA107799770769_022026-AB.webp	1000 vendidos no Mercado Livre	69
mercado-livre	MLB3892146035	Maquina Assentar Pisos Porcelanatos Elétrica Com Ventosa Até 50kg A Bateria 21v Ttm21b The Black Tools	R$ 288	4.7		1000	12	https://www.mercadolivre.com.br/maquina-assentar-pisos-porcelanatos-eletrica-com-ventosa-ate-50kg-a-bateria-21v-ttm21b-the-black-tools/p/MLB41375008?pdp_filters=deal%3AMLB1578289-1&extra_comm=false&brand_comm=false#polycard_client=affiliates&wid=MLB3892146035&sid=affiliates	https://meli.la/2pfeCd3	https://http2.mlstatic.com/D_Q_NP_2X_625446-MLA99442466684_112025-AB.webp	1000 vendidos no Mercado Livre	70
mercado-livre	MLB3374495979	Carrinho Ferramentas Forte P/ Mecânico Oficina Aberto 120kg Preto	R$ 406,60	4.7		1000	12	https://www.mercadolivre.com.br/carrinho-ferramentas-forte-p-mecanico-oficina-aberto-120kg/up/MLBU1398595345?pdp_filters=deal%3AMLB1578289-1&extra_comm=false&brand_comm=false#polycard_client=affiliates&wid=MLB3374495979&sid=affiliates	https://meli.la/1vfBe5k	https://http2.mlstatic.com/D_Q_NP_2X_689452-MLB114372263509_072026-AB.webp	1000 vendidos no Mercado Livre	71
mercado-livre	MLB3862510815	Serra Sabre Elétrica Portátil Profissional A Bateria 21v 110v/220v	R$ 227,90	4.6		1000	12	https://www.mercadolivre.com.br/serra-sabre-eletrica-portatil-profissional-a-bateria-21v/up/MLBU1642058205?pdp_filters=deal%3AMLB1578289-1&extra_comm=false&brand_comm=false#polycard_client=affiliates&wid=MLB3862510815&sid=affiliates	https://meli.la/2UdRPcZ	https://http2.mlstatic.com/D_Q_NP_2X_962886-MLB114245558427_072026-AB.webp	1000 vendidos no Mercado Livre	72
mercado-livre	MLB5792348860	Kit 100 Lâminas De 18mm Profissional Para Estilete Largo	R$ 56,02	4.6		1000	12	https://www.mercadolivre.com.br/kit-100-laminas-de-18mm-profissional-para-estilete-largo/p/MLB2082500755?pdp_filters=deal%3AMLB1578289-1&extra_comm=false&brand_comm=false#polycard_client=affiliates&wid=MLB5792348860&sid=affiliates	https://meli.la/17wf4gR	https://http2.mlstatic.com/D_Q_NP_2X_843498-MLB84780935554_052025-AB.webp	1000 vendidos no Mercado Livre	73
mercado-livre	MLB4094802487	Compressor Premium Suspensão A Ar 480c - 300psi	R$ 571,74	5		500	12	https://www.mercadolivre.com.br/compressor-premium-suspensao-a-ar-480c--300psi/up/MLBU3236435813?pdp_filters=deal%3AMLB1578289-1&extra_comm=false&brand_comm=false#polycard_client=affiliates&wid=MLB4094802487&sid=affiliates	https://meli.la/13842Dn	https://http2.mlstatic.com/D_Q_NP_2X_613586-MLB90313470993_082025-AB.webp	500 vendidos no Mercado Livre	74
mercado-livre	MLB4268179735	Jogo De Ferramentas 169 Peças E Furadeira Parafusadeira 21v	R$ 279,90	4.9		500	12	https://www.mercadolivre.com.br/jogo-de-ferramentas-169-pecas-e-furadeira-parafusadeira-21v/up/MLBU3512424196?pdp_filters=deal%3AMLB1578289-1&extra_comm=false&brand_comm=false#polycard_client=affiliates&wid=MLB4268179735&sid=affiliates	https://meli.la/1Ui3BqC	https://http2.mlstatic.com/D_Q_NP_2X_936788-MLB112756485768_062026-AB.webp	500 vendidos no Mercado Livre	75
mercado-livre	MLB4311034829	Compressor De Ar Direto Elétrico Pintura 1/2 Hp Bivolt Amarelo 127/220v 60hz	R$ 539,55	4.9		500	12	https://www.mercadolivre.com.br/compressor-de-ar-direto-eletrico-pintura-12-hp-bivolt/up/MLBU3563937603?pdp_filters=deal%3AMLB1578289-1&extra_comm=false&brand_comm=false#polycard_client=affiliates&wid=MLB4311034829&sid=affiliates	https://meli.la/2ynDkqT	https://http2.mlstatic.com/D_Q_NP_2X_810212-MLB98993018176_112025-AB.webp	500 vendidos no Mercado Livre	76
mercado-livre	MLB6130724098	Furadeira Parafusadeira Sem Fio A Bateria Gpb12vd 12v 3/8 10mm Com Maleta E Acessórios Gradiente	R$ 101,27	4.8		500	12	https://www.mercadolivre.com.br/furadeira-parafusadeira-sem-fio-a-bateria-gpb12vd-12v-38-10mm-com-maleta-e-acessorios-gradiente/p/MLB61763358?pdp_filters=deal%3AMLB1578289-1&extra_comm=false&brand_comm=false#polycard_client=affiliates&wid=MLB6130724098&sid=affiliates	https://meli.la/1SfV7Ld	https://http2.mlstatic.com/D_Q_NP_2X_807886-MLA97434822387_112025-AB.webp	500 vendidos no Mercado Livre	77
mercado-livre	MLB6293596640	Kit Martelete Rompedor + Parafusadeira À Bateria 21v Amarelo 110v/220v 50/60hz	R$ 474,90	4.8		500	12	https://www.mercadolivre.com.br/kit-martelete-rompedor--parafusadeira-a-bateria-21v/up/MLBU3814067742?pdp_filters=deal%3AMLB1578289-1&extra_comm=false&brand_comm=false#polycard_client=affiliates&wid=MLB6293596640&sid=affiliates	https://meli.la/2gYygUF	https://http2.mlstatic.com/D_Q_NP_2X_639084-MLB110301748780_052026-AB.webp	500 vendidos no Mercado Livre	78
mercado-livre	MLB4050264139	Compressor De Ar Direto 1/2 Hp Bivolt + Kit Pintura Amarelo 127/220v 60hz	R$ 514,73	5		50	12	https://www.mercadolivre.com.br/compressor-de-ar-direto-12-hp-bivolt--kit-pintura/up/MLBU3153850373?pdp_filters=deal%3AMLB1578289-1&extra_comm=false&brand_comm=false#polycard_client=affiliates&wid=MLB4050264139&sid=affiliates	https://meli.la/28XmxGz	https://http2.mlstatic.com/D_Q_NP_2X_606239-MLB84351896253_052025-AB.webp	50 vendidos no Mercado Livre	79
mercado-livre	MLB4072919145	Maquina Inversora Solda Fusion Arc 170a Bivolt + Acessórios Amarelo 127/220v	R$ 368,50	5		25	12	https://www.mercadolivre.com.br/maquina-inversora-solda-fusion-arc-170a-bivolt--acessorios/up/MLBU3195363186?pdp_filters=deal%3AMLB1578289-1&extra_comm=false&brand_comm=false#polycard_client=affiliates&wid=MLB4072919145&sid=affiliates	https://meli.la/1rAgG3n	https://http2.mlstatic.com/D_Q_NP_2X_627910-MLB113626013860_072026-AB.webp	25 vendidos no Mercado Livre	80
mercado-livre	MLB6420490020	Lixadeira Esmerilhadeira Profissional 4.1/2 Com Jogo 40 Pçs Amarelo 220v 60hz	R$ 170,99	4.9		100	12	https://www.mercadolivre.com.br/lixadeira-esmerilhadeira-profissional-412-com-jogo-40-pcs/up/MLBU3833504344?pdp_filters=deal%3AMLB1578289-1&extra_comm=false&brand_comm=false#polycard_client=affiliates&wid=MLB6420490020&sid=affiliates	https://meli.la/2oZV3nF	https://http2.mlstatic.com/D_Q_NP_2X_822534-MLB112357375030_062026-AB.webp	100 vendidos no Mercado Livre	81
mercado-livre	MLB5908287206	Furadeira Parafusadeira Sem Fio 3/8 Maleta + Kit Ferramentas	R$ 226,10	4.9		100	12	https://www.mercadolivre.com.br/furadeira-parafusadeira-sem-fio-38-maleta--kit-ferramentas/up/MLBU3546087262?pdp_filters=deal%3AMLB1578289-1&extra_comm=false&brand_comm=false#polycard_client=affiliates&wid=MLB5908287206&sid=affiliates	https://meli.la/2sQiL8R	https://http2.mlstatic.com/D_Q_NP_2X_743443-MLB96980705310_112025-AB.webp	100 vendidos no Mercado Livre	82
mercado-livre	MLB4560115247	Martelete Perfurador Rompedor 68v Com 2 Baterias Maleta Azul 127/220v 50 Hz/60 Hz	R$ 418,76	4.9		100	12	https://www.mercadolivre.com.br/martelete-perfurador-rompedor-68v-com-2-baterias-maleta/up/MLBU3859498129?pdp_filters=deal%3AMLB1578289-1&extra_comm=false&brand_comm=false#polycard_client=affiliates&wid=MLB4560115247&sid=affiliates	https://meli.la/1Y9Eeq4	https://http2.mlstatic.com/D_Q_NP_2X_810855-MLB109509515917_032026-AB.webp	100 vendidos no Mercado Livre	83
mercado-livre	MLB4690296193	Mini Esmerilhadeira Lixadeira Angular 12v 660w 2 Baterias Amarelo 110v/220v 50/60hz	R$ 149,90	4.8		100	12	https://www.mercadolivre.com.br/mini-esmerilhadeira-lixadeira-angular-12v-660w-2-baterias/up/MLBU3971065419?pdp_filters=deal%3AMLB1578289-1&extra_comm=false&brand_comm=false#polycard_client=affiliates&wid=MLB4690296193&sid=affiliates	https://meli.la/25NoRi7	https://http2.mlstatic.com/D_Q_NP_2X_704792-MLB113725564670_072026-AB.webp	100 vendidos no Mercado Livre	84
mercado-livre	MLB7075902546	Compressor Ar 9l 110v 220v 3400rpm 1000w Profissional Amarelo 220v 60	R$ 689,54	4.8		100	12	https://www.mercadolivre.com.br/compressor-ar-9l-110v-220v-3400rpm-1000w-profissional/up/MLBU4202990842?pdp_filters=deal%3AMLB1578289-1&extra_comm=false&brand_comm=false#polycard_client=affiliates&wid=MLB7075902546&sid=affiliates	https://meli.la/1ztEcaZ	https://http2.mlstatic.com/D_Q_NP_2X_978077-MLB106194380653_012026-AB.webp	100 vendidos no Mercado Livre	85
shopee	22597320196	Politriz e Esmirilhadeira Lixadeira eletrica portatil a bateria	R$ 314,10	5		10	33	https://shopee.com.br/product/411693079/22597320196	https://s.shopee.com.br/2BDXMYk92V	https://down-bs-br.img.susercontent.com/br-11134207-7r98o-lqyxv1culzqz71.webp	10 vendas na Shopee	1
shopee	21699559831	Alicate CAT7 EZ Para Crimpagem de Cabo RJ45 / RJ11/12 profissional FRM-ACN702 EXBOM	R$ 51,75	4.9		40	33	https://shopee.com.br/product/411693079/21699559831	https://s.shopee.com.br/2g9nxUGTc1	https://down-bs-br.img.susercontent.com/br-11134207-7r98o-m2wkylj1btn9c6.webp	40 vendas na Shopee	2
shopee	11290569493	Kit Terminal Ilhós Tubular 500 Peças 1,5 2,5 4 6mm Fio Cabo Elétrico Crimpagem	R$ 37,90	4.8		558	33	https://shopee.com.br/product/395222532/11290569493	https://s.shopee.com.br/4LI1wYaWug	https://down-bs-br.img.susercontent.com/e6cd671de5339fa32480462ac4b8bec2.webp	558 vendas na Shopee	3
shopee	21455455470	Mini Parafusadeira sem Fio Recarregável USB com Maleta 49 peças MQL-PFU49A EXBOM	R$ 59,90	4.8		539	33	https://shopee.com.br/product/411693079/21455455470	https://s.shopee.com.br/AKZF5af36t	https://down-bs-br.img.susercontent.com/br-11134207-7r98o-lo8fvivweaaxf8.webp	539 vendas na Shopee	4
shopee	20499188318	Motosserra Elétrica Sem Fio Recarregável 6 polegada corte 15cm com 2 baterias 10000ma EXBOM	R$ 269,91	4.8		62	33	https://shopee.com.br/product/411693079/20499188318	https://s.shopee.com.br/20u7AHfi12	https://down-bs-br.img.susercontent.com/br-11134207-7r98o-lqyxv1curll94c.webp	62 vendas na Shopee	5
shopee	22094378251	Foxlux Bomba D´agua Periferica 1/2 Cv 370w X 64.03 Cor Laranja Fase elétrica 220V	R$ 185,40	4.9		83	31	https://shopee.com.br/product/769515073/22094378251	https://s.shopee.com.br/AAFotIb18L	https://down-bs-br.img.susercontent.com/br-11134207-7r98o-mdubxiol74c9fa.webp	83 vendas na Shopee	6
shopee	23798229434	KIT BICO DE ALTA PRESSÃO COM ENGATE RÁPIDO E ADAPTADOR - FORCE LINE	R$ 28,41	4.6		127	31	https://shopee.com.br/product/769515073/23798229434	https://s.shopee.com.br/5Ar8w7tVhd	https://down-bs-br.img.susercontent.com/br-11134207-820lr-mogvmymynrb4c6.webp	127 vendas na Shopee	7
shopee	22599380159	Cinto Duplo Preto Solze Porta Parafusadeira Ferramentas + Multiuso	R$ 139,90	5		183	28	https://shopee.com.br/product/1403196542/22599380159	https://s.shopee.com.br/3g2L9NPkyL	https://down-bs-br.img.susercontent.com/br-11134207-820lq-mlp0iaq5l72f41.webp	183 vendas na Shopee	8
shopee	22499171953	Kit Pistola E Lança Para Lavadora Alta Pressão Multimarcas Powerwash Ews10 Uws10 Reposição Universal	R$ 104,99	5		20	28	https://shopee.com.br/product/628492017/22499171953	https://s.shopee.com.br/9zwOh1WRb0	https://down-bs-br.img.susercontent.com/sg-11134201-821d0-mgqlar1qb11m40.webp	20 vendas na Shopee	9
shopee	58207367744	Martelete de impacto Rompedor Com 2 Baterias Perfurador Brushless 4 Em 1 Profissional Sem Fio	R$ 651,00	5		14	28	https://shopee.com.br/product/1374059919/58207367744	https://s.shopee.com.br/3g2L9OPDPZ	https://down-bs-br.img.susercontent.com/br-11134207-820mh-mm3nn9y372m862.webp	14 vendas na Shopee	10
shopee	20797417922	Cinto Duplo Solze Verde Militar para ferramentas. Bolsa Multiuso + Coldre para parafusadeira + cinto acolchoado e fivela	R$ 118,91	4.9		1mil+	28	https://shopee.com.br/product/1081252292/20797417922	https://s.shopee.com.br/5fnPX4i8Z1	https://down-bs-br.img.susercontent.com/br-11134207-81ztp-mkvc11fb4gle98.webp	1mil+ vendas na Shopee	11
shopee	22397663388	Engate Rápido c/ Espigão e Filtro para Lavadora Alta Pressão WAP	R$ 19,84	4.9		295	28	https://shopee.com.br/product/628492017/22397663388	https://s.shopee.com.br/7VF3iS5onB	https://down-bs-br.img.susercontent.com/br-11134207-820l8-mpibt5jezsaq22.webp	295 vendas na Shopee	12
shopee	23594340040	Bomba D Agua Periférica 1/2 Cv 370w 60hz Monofásica Foxlux - 127W	R$ 175,10	4.9		171	28	https://shopee.com.br/product/769515073/23594340040	https://s.shopee.com.br/40fBY24ZtC	https://down-bs-br.img.susercontent.com/br-11134207-7r98o-mdubxiol74c9fa.webp	171 vendas na Shopee	13
shopee	22699146351	Adaptador para Parafusadeira Encaixe 1/4 Angular Magnético Profissional	R$ 16,90	4.9		135	28	https://shopee.com.br/product/1600182988/22699146351	https://s.shopee.com.br/3qLlLjbFMp	https://down-bs-br.img.susercontent.com/sg-11134201-82581-mgcsnqkmi87i54.webp	135 vendas na Shopee	14
shopee	23394297832	Coletor de pó para Furadeira/Parafusadeira	R$ 14,90	4.9		122	28	https://shopee.com.br/product/1581724838/23394297832	https://s.shopee.com.br/6pzMvFozGs	https://down-bs-br.img.susercontent.com/br-11134207-7r98o-mdtbtahj38i930.webp	122 vendas na Shopee	15
shopee	22398321556	Caneta Detectora De Tensão Com Alerta Sonoro 90V-1000V Teste Voltagem	R$ 18,99	4.9		59	28	https://shopee.com.br/product/406969593/22398321556	https://s.shopee.com.br/3B64YWXkBJ	https://down-bs-br.img.susercontent.com/br-11134207-7r98o-m79u3mmsv61872.webp	59 vendas na Shopee	16
shopee	22197931739	Serra Circular Sem Fio 1200W Recarregável Com Motor Brushless 6 Polegadas 8 Discos MQL-SC1206 EXBOM	R$ 559,20	4.9		47	28	https://shopee.com.br/product/411693079/22197931739	https://s.shopee.com.br/8AUkVikkEM	https://down-bs-br.img.susercontent.com/br-11134207-7r98o-m18hja7s6e9sfa.webp	47 vendas na Shopee	17
shopee	53955114848	Lixa 180 280 600 1200 2500 d'água kit 1 2 ou 3 folhas cada Grão Polimento Licha água Plásticos Metal	R$ 25,71	4.9		28	28	https://shopee.com.br/product/230262590/53955114848	https://s.shopee.com.br/4qEIXbSETL	https://down-bs-br.img.susercontent.com/br-11134207-81ztc-mjswbowhlvk104.webp	28 vendas na Shopee	18
shopee	21899384773	Furadeira e Parafusadeira Sem Fio Recarregável 36V com 2 Baterias e Maleta MQL-PFX5600 EXBOM	R$ 229,50	4.9		21	28	https://shopee.com.br/product/411693079/21899384773	https://s.shopee.com.br/5Ar8wEGWTL	https://down-bs-br.img.susercontent.com/br-11134207-7r98o-m05ug5wmd60t56.webp	21 vendas na Shopee	19
shopee	23091201244	Aplicador de detergente lavadora de alta pressão electrolux	R$ 37,27	4.8		463	28	https://shopee.com.br/product/628492017/23091201244	https://s.shopee.com.br/1gHGlnzsl1	https://down-bs-br.img.susercontent.com/br-11134207-7r98o-mddfhuh6le0i76.webp	463 vendas na Shopee	20
shopee	45405300503	Lixa 180 400 1200 2000 3000 kit 1 2 ou 3 folhas de cada Grão Polimento Farol Licha Plásticos Metal	R$ 27,96	4.8		18	28	https://shopee.com.br/product/230262590/45405300503	https://s.shopee.com.br/7VF3iX8Ksy	https://down-bs-br.img.susercontent.com/br-11134207-81ztc-mjw19lu3hcee4a.webp	18 vendas na Shopee	21
shopee	22197450683	Kit Ferro de Solda Exbom 60W Ajustável + 5 Pontas Suporte Profissional Eletrônica ajusta temperatura	R$ 49,90	4.7		98	28	https://shopee.com.br/product/545610131/22197450683	https://s.shopee.com.br/BSSz44uhs	https://down-bs-br.img.susercontent.com/br-11134207-820l8-mofh4i7kf7k320.webp	98 vendas na Shopee	22
shopee	23692510990	Estojo Solze para ferramentas acolchoado, em lona reforçada, badisco, apmerímetro , multimetro.	R$ 72,93	4.7		13	28	https://shopee.com.br/product/1081252292/23692510990	https://s.shopee.com.br/6pzMvKATCH	https://down-bs-br.img.susercontent.com/br-11134207-81z1k-mdx8agwrl4aqde.webp	13 vendas na Shopee	23
shopee	23899147716	Bits Impacto Ponteiras Magnética Adaptador de soquete P/ Parafusadeira e furadeira	R$ 78,99	4.9		53	25	https://shopee.com.br/product/1669471716/23899147716	https://s.shopee.com.br/3LPUktoC0k	https://down-bs-br.img.susercontent.com/br-11134207-81z1k-mgqnue7rii9w04.webp	53 vendas na Shopee	24
shopee	21299385249	Kit Chaves De Precisão Magnético Profissional 152 Em 1 Com Estojo E Ventosa PRO-CKS152 EXBOM	R$ 98,10	5		197	23	https://shopee.com.br/product/411693079/21299385249	https://s.shopee.com.br/30meMItJrx	https://down-bs-br.img.susercontent.com/br-11134207-7r98o-m096pjlldxvh2e.webp	197 vendas na Shopee	25
shopee	18799904113	Parafusadeira Bivolt Furadeira Impacto 2 Bateria 21v Sem Fio	R$ 224,93	5		43	23	https://shopee.com.br/product/1443634517/18799904113	https://s.shopee.com.br/9pcyVGrRTO	https://down-bs-br.img.susercontent.com/br-11134207-81z1k-mf8kynxe77k686.webp	43 vendas na Shopee	26
shopee	58260090352	Chave De Impacto 48v Brushless Portatil Sem Fio 2 Soquete	R$ 186,89	5		32	23	https://shopee.com.br/product/1499661843/58260090352	https://s.shopee.com.br/6pzMvmL9qg	https://down-bs-br.img.susercontent.com/sg-11134201-820l5-mnulutui1m2r2b.webp	32 vendas na Shopee	27
shopee	23194391407	Chave De Impacto Potente Catraca 1/2 Parafusadeira Furadeira	R$ 712,43	5		20	23	https://shopee.com.br/product/1443634517/23194391407	https://s.shopee.com.br/4VbS9UqB2f	https://down-bs-br.img.susercontent.com/br-11134207-81z1k-mehlrd7dt7ghac.webp	20 vendas na Shopee	28
shopee	23198377321	Kit Disco Diamantado e Serra Circular C/4 Peças 110 x 20mm Para Serra Mármore	R$ 38,64	4.9		135	23	https://shopee.com.br/product/721748340/23198377321	https://s.shopee.com.br/6pzMvncLvb	https://down-bs-br.img.susercontent.com/br-11134207-81ztn-mkjltigm6eblff.webp	135 vendas na Shopee	29
shopee	22998659730	Kit Boinas Polimento Automotivo 5″ Corte + Refino + Lustro Compatível Politriz Rotativa	R$ 125,91	4.9		66	23	https://shopee.com.br/product/798965572/22998659730	https://s.shopee.com.br/4LI1xD7rud	https://down-bs-br.img.susercontent.com/br-11134207-7r98o-mbdx9cenvqfj5f.webp	66 vendas na Shopee	30
