affiliateLink	image	priceText
https://meli.la/1mXuvjF	https://http2.mlstatic.com/D_NQ_NP_804045-MLA82725923688_032025-O.webp	R$ 39,90
https://meli.la/24PpgfM	https://http2.mlstatic.com/D_NQ_NP_782400-MLB113344613004_072026-O-bermuda-masculina-tactel-short-academia-treino-plus-size-g3.webp	R$ 28,90
https://meli.la/2EDv8bJ	https://http2.mlstatic.com/D_NQ_NP_824417-MLB111941488549_052026-O-kit3-short-futebol-bermuda-masculina-academia-treino-esporte.webp	R$ 69,90
https://meli.la/2bKYNCB	https://http2.mlstatic.com/D_NQ_NP_942843-MLB109872097147_032026-O-tnis-kappa-pulse-unissex-academia-caminhada.webp	R$ 123,28
https://meli.la/1jboAFg	https://http2.mlstatic.com/D_NQ_NP_713651-MLB111248297628_052026-O-kit-3-bermuda-masculina-tactel-com-elastano-academia-treino.webp	R$ 78,90
https://meli.la/2S7cTeE	https://http2.mlstatic.com/D_NQ_NP_842236-MLB97496343330_112025-O-tenis-feminino-olimp-vili-ace-academia-caminhada-treino-eva.webp	R$ 141,90
https://meli.la/1BrijAy	https://http2.mlstatic.com/D_NQ_NP_816904-MLA109785791909_032026-O.webp	R$ 54,60
https://meli.la/1E72Hu7	https://http2.mlstatic.com/D_NQ_NP_826384-MLB112695268590_062026-O-bicicleta-ergometrica-spinning-cardio-e-musculacao.webp	R$ 490,82
https://meli.la/25h7Hj7	https://http2.mlstatic.com/D_NQ_NP_617838-MLB87260387792_072025-O-luva-academia-musculacao-treino-max-grip-protetor-anti-calo.webp	R$ 19,11
https://meli.la/2XcmbZB	https://http2.mlstatic.com/D_NQ_NP_742961-MLA104241120722_012026-O.webp	R$ 38,77
https://meli.la/1xJkyoN	https://http2.mlstatic.com/D_NQ_NP_727613-MLB113308346080_072026-O-camiseta-masculina-furadinha-dryfit-poliamida-occ.webp	R$ 36,99
https://meli.la/1UWSsLP	https://http2.mlstatic.com/D_NQ_NP_720972-MLB101588520443_122025-O-bermuda-masculina-slim-fit-de-poliamida-esportiva-fitness.webp	R$ 38,01
https://meli.la/2q7Qog6	https://http2.mlstatic.com/D_NQ_NP_837398-MLA110509350621_042026-O.webp	R$ 35,28
https://meli.la/1m1hFiw	https://http2.mlstatic.com/D_NQ_NP_980959-MLB112391539237_052026-O-calca-legging-lupo-max-sport-feminina-academia-fitness-dry.webp	R$ 141,61
https://meli.la/1jaHXjK	https://http2.mlstatic.com/D_NQ_NP_784857-MLA99625616614_122025-O.webp	R$ 19,00
https://meli.la/1zaKf1D	https://http2.mlstatic.com/D_NQ_NP_971673-MLB105945119108_022026-O-camisas-termica-feminina-voker-proteco-uv-dry-fit-academia.webp	R$ 33,32
https://meli.la/1YTByPT	https://http2.mlstatic.com/D_NQ_NP_903467-MLB112389043364_062026-O-par-barra-oca-40cm-halteres-com-presilhas-sem-anilha.webp	R$ 44,45
https://meli.la/2Zg3hXV	https://http2.mlstatic.com/D_NQ_NP_811688-MLB108189784757_032026-O-calca-legging-academia-realca-curvas-selene-original-confort.webp	R$ 71,00
https://meli.la/2wpxU86	https://http2.mlstatic.com/D_NQ_NP_803827-MLA96872403878_112025-O.webp	R$ 48,99
https://meli.la/1YkXvWZ	https://http2.mlstatic.com/D_NQ_NP_887057-MLB111579402267_052026-O-tnis-fitness-academia-feminino-esportivo-caminhada-corrida.webp	R$ 99,90
https://meli.la/1fNBoa7	https://http2.mlstatic.com/D_NQ_NP_657741-MLB111150597716_052026-O-coqueteleira-shake-academia-c-compartimentos-p-suplementos.webp	R$ 27,29
https://meli.la/1GcK9Kg	https://http2.mlstatic.com/D_NQ_NP_815590-MLB113348023470_072026-O-jump-cama-elastica-academia-profissional-aro-reforco-180kg.webp	R$ 255,17
https://meli.la/2E1sbS4	https://http2.mlstatic.com/D_NQ_NP_928674-MLB81126821470_122024-O-kit-5-bermuda-masculina-short-calco-futebol-academia-praia.webp	R$ 48,90
https://meli.la/2NNA9Yr	https://http2.mlstatic.com/D_NQ_NP_653173-MLA113494902814_072026-O.webp	R$ 19,16
https://meli.la/1Rd2fbN	https://http2.mlstatic.com/D_NQ_NP_725945-MLA110461451432_052026-O.webp	R$ 48,84
https://meli.la/2eS9Dd4	https://http2.mlstatic.com/D_NQ_NP_976076-MLB89052705101_072025-O-kit-8-placa-tatame-tapete-eva-borracha-10mm-piso-academia.webp	R$ 39,50
https://meli.la/1MirpAy	https://http2.mlstatic.com/D_NQ_NP_646115-MLA113711445027_062026-O.webp	R$ 21,97
https://meli.la/1E9kUYW	https://http2.mlstatic.com/D_NQ_NP_714336-MLA112573902677_062026-O.webp	R$ 29,00
https://meli.la/1XVsfqa	https://http2.mlstatic.com/D_NQ_NP_655882-MLB80054981856_102024-O-kit-3-bermudas-masculinas-academia-treino-praia-vero-fit.webp	R$ 94,99
https://meli.la/2EfanaC	https://http2.mlstatic.com/D_NQ_NP_853809-MLB89336109865_082025-O-puxador-triceps-corda-crossover-profissional-academia.webp	R$ 40,20
https://meli.la/1L23njM	https://http2.mlstatic.com/D_NQ_NP_777578-MLB115013472629_072026-O-conjunto-academia-top-calca-legging-fitness-roupa-kit-bolso.webp	R$ 78,96
https://meli.la/1h7cfCj	https://http2.mlstatic.com/D_NQ_NP_624227-MLB112801454064_072026-O-legging-lupo-original-poliamida-texturizada-ar-sem-costura.webp	R$ 174,59
https://meli.la/1UTcmkg	https://http2.mlstatic.com/D_NQ_NP_937387-MLB114594004507_072026-O-conjunto-academia-fitness-top-short-kit-zero-transparencia.webp	R$ 59,53
https://meli.la/1ddmT3L	https://http2.mlstatic.com/D_NQ_NP_973165-MLB114908297391_072026-O-conjunto-plus-size-kit-top-e-bermuda-bolso-academia-fitness.webp	R$ 65,13
